Command line invocation:
    /Applications/Xcode.app/Contents/Developer/usr/bin/xcodebuild build-for-testing -project CupSeason.xcodeproj -scheme CupSeason -destination "platform=iOS Simulator,id=02F6C3FB-CE51-415C-800B-B300099392E6" -derivedDataPath /private/tmp/club-spread-build -jobs 4

Resolve Package Graph


Resolved source packages:
  Supabase: https://github.com/supabase/supabase-swift @ 2.55.1
  swift-clocks: https://github.com/pointfreeco/swift-clocks @ 1.1.1
  CupSeasonKit: /tmp/cup-season-compete-identity-plan/apps/ios/Packages/CupSeasonKit
  xctest-dynamic-overlay: https://github.com/pointfreeco/xctest-dynamic-overlay @ 1.13.1
  swift-crypto: https://github.com/apple/swift-crypto.git @ 4.5.1
  swift-http-types: https://github.com/apple/swift-http-types.git @ 1.6.0
  swift-concurrency-extras: https://github.com/pointfreeco/swift-concurrency-extras @ 1.4.1
  swift-asn1: https://github.com/apple/swift-asn1.git @ 1.7.1
  swift-issue-reporting: https://github.com/pointfreeco/swift-issue-reporting @ 2.1.0
  CSDesign: /tmp/cup-season-compete-identity-plan/apps/ios/Packages/CSDesign

Build Preparation
Build task concurrency set to 4 via user default IDEBuildOperationMaxNumberOfConcurrentCompileTasks

ComputePackagePrebuildTargetDependencyGraph

Prepare packages

CreateBuildRequest

SendProjectDescription

CreateBuildOperation

ComputeTargetDependencyGraph
note: Building targets in dependency order
note: Target dependency graph (35 targets)
    Target 'CupSeasonKitTests-product' in project 'CupSeasonKit'
        ➜ Explicit dependency on target 'CupSeasonKit_CupSeasonKitTests' in project 'CupSeasonKit'
        ➜ Explicit dependency on target 'CupSeasonKit' in project 'CupSeasonKit'
        ➜ Explicit dependency on target 'Supabase-product' in project 'Supabase'
        ➜ Explicit dependency on target 'CSDesign-product' in project 'CSDesign'
    Target 'CupSeasonKit_CupSeasonKitTests' in project 'CupSeasonKit' (no dependencies)
    Target 'CSDesignTests-product' in project 'CSDesign'
        ➜ Explicit dependency on target 'CSDesign' in project 'CSDesign'
    Target 'CupSeasonUITests' in project 'CupSeason'
        ➜ Explicit dependency on target 'CupSeason' in project 'CupSeason'
    Target 'CupSeasonTests' in project 'CupSeason'
        ➜ Explicit dependency on target 'CupSeason' in project 'CupSeason'
    Target 'CupSeason' in project 'CupSeason'
        ➜ Explicit dependency on target 'CupSeasonWidgets' in project 'CupSeason'
        ➜ Explicit dependency on target 'CSDesign-product' in project 'CSDesign'
        ➜ Explicit dependency on target 'CupSeasonKit-product' in project 'CupSeasonKit'
    Target 'CupSeasonKit-product' in project 'CupSeasonKit'
        ➜ Explicit dependency on target 'CupSeasonKit' in project 'CupSeasonKit'
        ➜ Explicit dependency on target 'Supabase-product' in project 'Supabase'
        ➜ Explicit dependency on target 'CSDesign-product' in project 'CSDesign'
    Target 'CupSeasonKit' in project 'CupSeasonKit'
        ➜ Explicit dependency on target 'Supabase-product' in project 'Supabase'
        ➜ Explicit dependency on target 'CSDesign-product' in project 'CSDesign'
    Target 'Supabase-product' in project 'Supabase'
        ➜ Explicit dependency on target 'Supabase' in project 'Supabase'
        ➜ Explicit dependency on target 'Helpers' in project 'Supabase'
        ➜ Explicit dependency on target 'Auth' in project 'Supabase'
        ➜ Explicit dependency on target 'Functions' in project 'Supabase'
        ➜ Explicit dependency on target 'PostgREST' in project 'Supabase'
        ➜ Explicit dependency on target 'RealtimeV2' in project 'Supabase'
        ➜ Explicit dependency on target 'Realtime' in project 'Supabase'
        ➜ Explicit dependency on target 'Storage' in project 'Supabase'
        ➜ Explicit dependency on target 'ConcurrencyExtras-product' in project 'swift-concurrency-extras'
        ➜ Explicit dependency on target 'HTTPTypes-product' in project 'swift-http-types'
        ➜ Explicit dependency on target 'Clocks-product' in project 'swift-clocks'
        ➜ Explicit dependency on target 'XCTestDynamicOverlay-product' in project 'xctest-dynamic-overlay'
        ➜ Explicit dependency on target 'IssueReporting-product' in project 'xctest-dynamic-overlay'
        ➜ Explicit dependency on target 'Crypto-product' in project 'swift-crypto'
    Target 'Supabase' in project 'Supabase'
        ➜ Explicit dependency on target 'Helpers' in project 'Supabase'
        ➜ Explicit dependency on target 'Auth' in project 'Supabase'
        ➜ Explicit dependency on target 'Functions' in project 'Supabase'
        ➜ Explicit dependency on target 'PostgREST' in project 'Supabase'
        ➜ Explicit dependency on target 'RealtimeV2' in project 'Supabase'
        ➜ Explicit dependency on target 'Realtime' in project 'Supabase'
        ➜ Explicit dependency on target 'Storage' in project 'Supabase'
        ➜ Explicit dependency on target 'ConcurrencyExtras-product' in project 'swift-concurrency-extras'
        ➜ Explicit dependency on target 'HTTPTypes-product' in project 'swift-http-types'
        ➜ Explicit dependency on target 'Clocks-product' in project 'swift-clocks'
        ➜ Explicit dependency on target 'XCTestDynamicOverlay-product' in project 'xctest-dynamic-overlay'
        ➜ Explicit dependency on target 'IssueReporting-product' in project 'xctest-dynamic-overlay'
        ➜ Explicit dependency on target 'Crypto-product' in project 'swift-crypto'
    Target 'Storage' in project 'Supabase'
        ➜ Explicit dependency on target 'Helpers' in project 'Supabase'
        ➜ Explicit dependency on target 'ConcurrencyExtras-product' in project 'swift-concurrency-extras'
        ➜ Explicit dependency on target 'HTTPTypes-product' in project 'swift-http-types'
        ➜ Explicit dependency on target 'Clocks-product' in project 'swift-clocks'
        ➜ Explicit dependency on target 'XCTestDynamicOverlay-product' in project 'xctest-dynamic-overlay'
        ➜ Explicit dependency on target 'IssueReporting-product' in project 'xctest-dynamic-overlay'
    Target 'Realtime' in project 'Supabase'
        ➜ Explicit dependency on target 'Helpers' in project 'Supabase'
        ➜ Explicit dependency on target 'RealtimeV2' in project 'Supabase'
        ➜ Explicit dependency on target 'ConcurrencyExtras-product' in project 'swift-concurrency-extras'
        ➜ Explicit dependency on target 'HTTPTypes-product' in project 'swift-http-types'
        ➜ Explicit dependency on target 'Clocks-product' in project 'swift-clocks'
        ➜ Explicit dependency on target 'XCTestDynamicOverlay-product' in project 'xctest-dynamic-overlay'
        ➜ Explicit dependency on target 'IssueReporting-product' in project 'xctest-dynamic-overlay'
    Target 'RealtimeV2' in project 'Supabase'
        ➜ Explicit dependency on target 'Helpers' in project 'Supabase'
        ➜ Explicit dependency on target 'ConcurrencyExtras-product' in project 'swift-concurrency-extras'
        ➜ Explicit dependency on target 'HTTPTypes-product' in project 'swift-http-types'
        ➜ Explicit dependency on target 'Clocks-product' in project 'swift-clocks'
        ➜ Explicit dependency on target 'XCTestDynamicOverlay-product' in project 'xctest-dynamic-overlay'
        ➜ Explicit dependency on target 'IssueReporting-product' in project 'xctest-dynamic-overlay'
    Target 'PostgREST' in project 'Supabase'
        ➜ Explicit dependency on target 'Helpers' in project 'Supabase'
        ➜ Explicit dependency on target 'ConcurrencyExtras-product' in project 'swift-concurrency-extras'
        ➜ Explicit dependency on target 'HTTPTypes-product' in project 'swift-http-types'
        ➜ Explicit dependency on target 'Clocks-product' in project 'swift-clocks'
        ➜ Explicit dependency on target 'XCTestDynamicOverlay-product' in project 'xctest-dynamic-overlay'
        ➜ Explicit dependency on target 'IssueReporting-product' in project 'xctest-dynamic-overlay'
    Target 'Functions' in project 'Supabase'
        ➜ Explicit dependency on target 'Helpers' in project 'Supabase'
        ➜ Explicit dependency on target 'ConcurrencyExtras-product' in project 'swift-concurrency-extras'
        ➜ Explicit dependency on target 'HTTPTypes-product' in project 'swift-http-types'
        ➜ Explicit dependency on target 'Clocks-product' in project 'swift-clocks'
        ➜ Explicit dependency on target 'XCTestDynamicOverlay-product' in project 'xctest-dynamic-overlay'
        ➜ Explicit dependency on target 'IssueReporting-product' in project 'xctest-dynamic-overlay'
    Target 'Auth' in project 'Supabase'
        ➜ Explicit dependency on target 'Helpers' in project 'Supabase'
        ➜ Explicit dependency on target 'ConcurrencyExtras-product' in project 'swift-concurrency-extras'
        ➜ Explicit dependency on target 'HTTPTypes-product' in project 'swift-http-types'
        ➜ Explicit dependency on target 'Clocks-product' in project 'swift-clocks'
        ➜ Explicit dependency on target 'XCTestDynamicOverlay-product' in project 'xctest-dynamic-overlay'
        ➜ Explicit dependency on target 'IssueReporting-product' in project 'xctest-dynamic-overlay'
        ➜ Explicit dependency on target 'Crypto-product' in project 'swift-crypto'
    Target 'Crypto-product' in project 'swift-crypto'
        ➜ Explicit dependency on target 'Crypto' in project 'swift-crypto'
        ➜ Explicit dependency on target 'swift-crypto_Crypto' in project 'swift-crypto'
    Target 'Crypto' in project 'swift-crypto'
        ➜ Explicit dependency on target 'swift-crypto_Crypto' in project 'swift-crypto'
    Target 'swift-crypto_Crypto' in project 'swift-crypto' (no dependencies)
    Target 'Helpers' in project 'Supabase'
        ➜ Explicit dependency on target 'ConcurrencyExtras-product' in project 'swift-concurrency-extras'
        ➜ Explicit dependency on target 'HTTPTypes-product' in project 'swift-http-types'
        ➜ Explicit dependency on target 'Clocks-product' in project 'swift-clocks'
        ➜ Explicit dependency on target 'XCTestDynamicOverlay-product' in project 'xctest-dynamic-overlay'
        ➜ Explicit dependency on target 'IssueReporting-product' in project 'xctest-dynamic-overlay'
    Target 'IssueReporting-product' in project 'xctest-dynamic-overlay'
        ➜ Explicit dependency on target '_IssueReporting' in project 'xctest-dynamic-overlay'
        ➜ Explicit dependency on target 'IssueReporting-product' in project 'swift-issue-reporting'
    Target 'XCTestDynamicOverlay-product' in project 'xctest-dynamic-overlay'
        ➜ Explicit dependency on target 'XCTestDynamicOverlay' in project 'xctest-dynamic-overlay'
        ➜ Explicit dependency on target '_IssueReporting' in project 'xctest-dynamic-overlay'
        ➜ Explicit dependency on target 'IssueReporting-product' in project 'swift-issue-reporting'
    Target 'XCTestDynamicOverlay' in project 'xctest-dynamic-overlay'
        ➜ Explicit dependency on target '_IssueReporting' in project 'xctest-dynamic-overlay'
        ➜ Explicit dependency on target 'IssueReporting-product' in project 'swift-issue-reporting'
    Target '_IssueReporting' in project 'xctest-dynamic-overlay'
        ➜ Explicit dependency on target 'IssueReporting-product' in project 'swift-issue-reporting'
    Target 'Clocks-product' in project 'swift-clocks'
        ➜ Explicit dependency on target 'Clocks' in project 'swift-clocks'
        ➜ Explicit dependency on target 'ConcurrencyExtras-product' in project 'swift-concurrency-extras'
        ➜ Explicit dependency on target 'IssueReporting-product' in project 'swift-issue-reporting'
    Target 'Clocks' in project 'swift-clocks'
        ➜ Explicit dependency on target 'ConcurrencyExtras-product' in project 'swift-concurrency-extras'
        ➜ Explicit dependency on target 'IssueReporting-product' in project 'swift-issue-reporting'
    Target 'IssueReporting-product' in project 'swift-issue-reporting'
        ➜ Explicit dependency on target 'IssueReporting' in project 'swift-issue-reporting'
    Target 'IssueReporting' in project 'swift-issue-reporting' (no dependencies)
    Target 'HTTPTypes-product' in project 'swift-http-types'
        ➜ Explicit dependency on target 'HTTPTypes' in project 'swift-http-types'
    Target 'HTTPTypes' in project 'swift-http-types' (no dependencies)
    Target 'ConcurrencyExtras-product' in project 'swift-concurrency-extras'
        ➜ Explicit dependency on target 'ConcurrencyExtras' in project 'swift-concurrency-extras'
    Target 'ConcurrencyExtras' in project 'swift-concurrency-extras' (no dependencies)
    Target 'CupSeasonWidgets' in project 'CupSeason'
        ➜ Explicit dependency on target 'CSDesign-product' in project 'CSDesign'
    Target 'CSDesign-product' in project 'CSDesign'
        ➜ Explicit dependency on target 'CSDesign' in project 'CSDesign'
    Target 'CSDesign' in project 'CSDesign' (no dependencies)

GatherProvisioningInputs

CreateBuildDescription

ExecuteExternalTool /Applications/Xcode.app/Contents/Developer/Toolchains/XcodeDefault.xctoolchain/usr/bin/swiftc --version

ExecuteExternalTool /Applications/Xcode.app/Contents/Developer/Toolchains/XcodeDefault.xctoolchain/usr/bin/clang -v -E -dM -isysroot /Applications/Xcode.app/Contents/Developer/Platforms/iPhoneSimulator.platform/Developer/SDKs/iPhoneSimulator27.0.sdk -x c -c /dev/null

ExecuteExternalTool /Applications/Xcode.app/Contents/Developer/usr/bin/actool --print-asset-tag-combinations --output-format xml1 /tmp/cup-season-compete-identity-plan/apps/ios/CupSeason/Assets.xcassets

ExecuteExternalTool /Applications/Xcode.app/Contents/Developer/Toolchains/XcodeDefault.xctoolchain/usr/bin/ld -version_details

ReadFileContents /Applications/Xcode.app/Contents/Developer/Toolchains/XcodeDefault.xctoolchain/usr/share/docc/features.json

ExecuteExternalTool /Applications/Xcode.app/Contents/Developer/usr/bin/actool --version --output-format xml1

Build description signature: 00632d34d0780aa7244047771a4d25f6
Build description path: /tmp/club-spread-build/Build/Intermediates.noindex/XCBuildData/00632d34d0780aa7244047771a4d25f6.xcbuilddata
ClangStatCache /Applications/Xcode.app/Contents/Developer/Toolchains/XcodeDefault.xctoolchain/usr/bin/clang-stat-cache /Applications/Xcode.app/Contents/Developer/Platforms/iPhoneSimulator.platform/Developer/SDKs/iPhoneSimulator27.0.sdk /tmp/club-spread-build/SDKStatCaches.noindex/iphonesimulator27.0-24A430-8dc58220667be655e1bcc261a7455254.sdkstatcache
    cd /tmp/cup-season-compete-identity-plan/apps/ios/CupSeason.xcodeproj
    /Applications/Xcode.app/Contents/Developer/Toolchains/XcodeDefault.xctoolchain/usr/bin/clang-stat-cache /Applications/Xcode.app/Contents/Developer/Platforms/iPhoneSimulator.platform/Developer/SDKs/iPhoneSimulator27.0.sdk -o /tmp/club-spread-build/SDKStatCaches.noindex/iphonesimulator27.0-24A430-8dc58220667be655e1bcc261a7455254.sdkstatcache

ProcessInfoPlistFile /tmp/club-spread-build/Build/Products/Debug-iphonesimulator/swift-crypto_Crypto.bundle/Info.plist /tmp/club-spread-build/Build/Intermediates.noindex/swift-crypto.build/Debug-iphonesimulator/swift-crypto_Crypto-b.build/empty-swift-crypto_Crypto.plist (in target 'swift-crypto_Crypto' from project 'swift-crypto')
    cd /tmp/club-spread-build/SourcePackages/checkouts/swift-crypto
    builtin-infoPlistUtility /tmp/club-spread-build/Build/Intermediates.noindex/swift-crypto.build/Debug-iphonesimulator/swift-crypto_Crypto-b.build/empty-swift-crypto_Crypto.plist -producttype com.apple.product-type.bundle -expandbuildsettings -format binary -platform iphonesimulator -o /tmp/club-spread-build/Build/Products/Debug-iphonesimulator/swift-crypto_Crypto.bundle/Info.plist

ProcessInfoPlistFile /tmp/club-spread-build/Build/Products/Debug-iphonesimulator/CupSeasonKit_CupSeasonKitTests.bundle/Info.plist /tmp/club-spread-build/Build/Intermediates.noindex/CupSeasonKit.build/Debug-iphonesimulator/CupSeasonKit_CupSeasonKitTests-b.build/empty-CupSeasonKit_CupSeasonKitTests.plist (in target 'CupSeasonKit_CupSeasonKitTests' from project 'CupSeasonKit')
    cd /tmp/cup-season-compete-identity-plan/apps/ios/Packages/CupSeasonKit
    builtin-infoPlistUtility /tmp/club-spread-build/Build/Intermediates.noindex/CupSeasonKit.build/Debug-iphonesimulator/CupSeasonKit_CupSeasonKitTests-b.build/empty-CupSeasonKit_CupSeasonKitTests.plist -producttype com.apple.product-type.bundle -expandbuildsettings -format binary -platform iphonesimulator -o /tmp/club-spread-build/Build/Products/Debug-iphonesimulator/CupSeasonKit_CupSeasonKitTests.bundle/Info.plist

WriteAuxiliaryFile /tmp/club-spread-build/Build/Intermediates.noindex/CSDesign.build/Debug-iphonesimulator/CSDesign-t.build/Objects-normal/arm64/CSDesign.SwiftFileList (in target 'CSDesign' from project 'CSDesign')
    cd /tmp/cup-season-compete-identity-plan/apps/ios/Packages/CSDesign
    write-file /tmp/club-spread-build/Build/Intermediates.noindex/CSDesign.build/Debug-iphonesimulator/CSDesign-t.build/Objects-normal/arm64/CSDesign.SwiftFileList

WriteAuxiliaryFile /tmp/club-spread-build/Build/Intermediates.noindex/CSDesign.build/Debug-iphonesimulator/CSDesign-t.build/Objects-normal/arm64/CSDesign.SwiftConstValuesFileList (in target 'CSDesign' from project 'CSDesign')
    cd /tmp/cup-season-compete-identity-plan/apps/ios/Packages/CSDesign
    write-file /tmp/club-spread-build/Build/Intermediates.noindex/CSDesign.build/Debug-iphonesimulator/CSDesign-t.build/Objects-normal/arm64/CSDesign.SwiftConstValuesFileList

WriteAuxiliaryFile /tmp/club-spread-build/Build/Intermediates.noindex/CSDesign.build/Debug-iphonesimulator/CSDesign-t.build/Objects-normal/arm64/CSDesign.LinkFileList (in target 'CSDesign' from project 'CSDesign')
    cd /tmp/cup-season-compete-identity-plan/apps/ios/Packages/CSDesign
    write-file /tmp/club-spread-build/Build/Intermediates.noindex/CSDesign.build/Debug-iphonesimulator/CSDesign-t.build/Objects-normal/arm64/CSDesign.LinkFileList

WriteAuxiliaryFile /tmp/club-spread-build/Build/Intermediates.noindex/CSDesign.build/Debug-iphonesimulator/CSDesign-t.build/Objects-normal/arm64/CSDesign-OutputFileMap.json (in target 'CSDesign' from project 'CSDesign')
    cd /tmp/cup-season-compete-identity-plan/apps/ios/Packages/CSDesign
    write-file /tmp/club-spread-build/Build/Intermediates.noindex/CSDesign.build/Debug-iphonesimulator/CSDesign-t.build/Objects-normal/arm64/CSDesign-OutputFileMap.json

SwiftDriver CSDesign normal arm64 com.apple.xcode.tools.swift.compiler (in target 'CSDesign' from project 'CSDesign')
    cd /tmp/cup-season-compete-identity-plan/apps/ios/CupSeason.xcodeproj
    builtin-SwiftDriver -- /Applications/Xcode.app/Contents/Developer/Toolchains/XcodeDefault.xctoolchain/usr/bin/swiftc -parse-as-library -module-name CSDesign -Onone @/tmp/club-spread-build/Build/Intermediates.noindex/CSDesign.build/Debug-iphonesimulator/CSDesign-t.build/Objects-normal/arm64/CSDesign.SwiftFileList -DSWIFT_PACKAGE -DDEBUG -DSWIFT_MODULE_RESOURCE_BUNDLE_UNAVAILABLE -DXcode -plugin-path /Applications/Xcode.app/Contents/Developer/Toolchains/XcodeDefault.xctoolchain/usr/lib/swift/host/plugins/testing -enable-experimental-feature DebugDescriptionMacro -sdk /Applications/Xcode.app/Contents/Developer/Platforms/iPhoneSimulator.platform/Developer/SDKs/iPhoneSimulator27.0.sdk -target arm64-apple-ios17.0-simulator -g -module-cache-path /tmp/club-spread-build/ModuleCache.noindex -Xfrontend -serialize-debugging-options -enable-testing -index-store-path /tmp/club-spread-build/Index.noindex/DataStore -Xcc -D_LIBCPP_HARDENING_MODE\=_LIBCPP_HARDENING_MODE_DEBUG -swift-version 6 -I /tmp/club-spread-build/Build/Products/Debug-iphonesimulator -Isystem /Applications/Xcode.app/Contents/Developer/Platforms/iPhoneSimulator.platform/Developer/usr/lib -F /tmp/club-spread-build/Build/Products/Debug-iphonesimulator -F /Applications/Xcode.app/Contents/Developer/Platforms/iPhoneSimulator.platform/Developer/Library/Frameworks -F /Applications/Xcode.app/Contents/Developer/Platforms/iPhoneSimulator.platform/Developer/SDKs/iPhoneSimulator27.0.sdk/Developer/Library/Frameworks -c -j10 -enable-batch-mode -incremental -Xcc -ivfsstatcache -Xcc /tmp/club-spread-build/SDKStatCaches.noindex/iphonesimulator27.0-24A430-8dc58220667be655e1bcc261a7455254.sdkstatcache -output-file-map /tmp/club-spread-build/Build/Intermediates.noindex/CSDesign.build/Debug-iphonesimulator/CSDesign-t.build/Objects-normal/arm64/CSDesign-OutputFileMap.json -save-temps -no-color-diagnostics -explicit-module-build -module-cache-path /tmp/club-spread-build/Build/Intermediates.noindex/SwiftExplicitPrecompiledModules -clang-scanner-module-cache-path /tmp/club-spread-build/ModuleCache.noindex -sdk-module-cache-path /tmp/club-spread-build/SDKExplicitPrecompiledModules -emit-dependencies -emit-module -emit-module-path /tmp/club-spread-build/Build/Intermediates.noindex/CSDesign.build/Debug-iphonesimulator/CSDesign-t.build/Objects-normal/arm64/CSDesign.swiftmodule -serialize-diagnostics -dependency-scan-serialize-diagnostics-path /tmp/club-spread-build/Build/Intermediates.noindex/CSDesign.build/Debug-iphonesimulator/CSDesign-t.build/Objects-normal/arm64/CSDesign-dependency-scan.dia -validate-clang-modules-once -clang-build-session-file /tmp/club-spread-build/ModuleCache.noindex/Session.modulevalidation -Xcc -fmodules-prune-interval\=86400 -Xcc -fmodules-prune-after\=345600 -package-name csdesign -emit-const-values -const-gather-protocols-list /tmp/club-spread-build/Build/Intermediates.noindex/CSDesign.build/Debug-iphonesimulator/CSDesign-t.build/Objects-normal/arm64/CSDesign_const_extract_protocols.json -Xcc -I/tmp/club-spread-build/Build/Products/Debug-iphonesimulator/include -Xcc -I/tmp/club-spread-build/Build/Intermediates.noindex/CSDesign.build/Debug-iphonesimulator/CSDesign-t.build/DerivedSources-normal/arm64 -Xcc -I/tmp/club-spread-build/Build/Intermediates.noindex/CSDesign.build/Debug-iphonesimulator/CSDesign-t.build/DerivedSources/arm64 -Xcc -I/tmp/club-spread-build/Build/Intermediates.noindex/CSDesign.build/Debug-iphonesimulator/CSDesign-t.build/DerivedSources -Xcc -DSWIFT_PACKAGE -Xcc -DDEBUG\=1 -emit-objc-header -emit-objc-header-path /tmp/club-spread-build/Build/Intermediates.noindex/CSDesign.build/Debug-iphonesimulator/CSDesign-t.build/Objects-normal/arm64/CSDesign-Swift.h -working-directory /tmp/cup-season-compete-identity-plan/apps/ios/CupSeason.xcodeproj -experimental-emit-module-separately -disable-cmo

SwiftEmitModule normal arm64 Emitting\ module\ for\ CSDesign (in target 'CSDesign' from project 'CSDesign')

SwiftCompile normal arm64 (in target 'CSDesign' from project 'CSDesign')
    cd /tmp/cup-season-compete-identity-plan/apps/ios/CupSeason.xcodeproj
    

SwiftDriver\ Compilation CSDesign normal arm64 com.apple.xcode.tools.swift.compiler (in target 'CSDesign' from project 'CSDesign')
    cd /tmp/cup-season-compete-identity-plan/apps/ios/CupSeason.xcodeproj
    builtin-Swift-Compilation -- /Applications/Xcode.app/Contents/Developer/Toolchains/XcodeDefault.xctoolchain/usr/bin/swiftc -parse-as-library -module-name CSDesign -Onone @/tmp/club-spread-build/Build/Intermediates.noindex/CSDesign.build/Debug-iphonesimulator/CSDesign-t.build/Objects-normal/arm64/CSDesign.SwiftFileList -DSWIFT_PACKAGE -DDEBUG -DSWIFT_MODULE_RESOURCE_BUNDLE_UNAVAILABLE -DXcode -plugin-path /Applications/Xcode.app/Contents/Developer/Toolchains/XcodeDefault.xctoolchain/usr/lib/swift/host/plugins/testing -enable-experimental-feature DebugDescriptionMacro -sdk /Applications/Xcode.app/Contents/Developer/Platforms/iPhoneSimulator.platform/Developer/SDKs/iPhoneSimulator27.0.sdk -target arm64-apple-ios17.0-simulator -g -module-cache-path /tmp/club-spread-build/ModuleCache.noindex -Xfrontend -serialize-debugging-options -enable-testing -index-store-path /tmp/club-spread-build/Index.noindex/DataStore -Xcc -D_LIBCPP_HARDENING_MODE\=_LIBCPP_HARDENING_MODE_DEBUG -swift-version 6 -I /tmp/club-spread-build/Build/Products/Debug-iphonesimulator -Isystem /Applications/Xcode.app/Contents/Developer/Platforms/iPhoneSimulator.platform/Developer/usr/lib -F /tmp/club-spread-build/Build/Products/Debug-iphonesimulator -F /Applications/Xcode.app/Contents/Developer/Platforms/iPhoneSimulator.platform/Developer/Library/Frameworks -F /Applications/Xcode.app/Contents/Developer/Platforms/iPhoneSimulator.platform/Developer/SDKs/iPhoneSimulator27.0.sdk/Developer/Library/Frameworks -c -j10 -enable-batch-mode -incremental -Xcc -ivfsstatcache -Xcc /tmp/club-spread-build/SDKStatCaches.noindex/iphonesimulator27.0-24A430-8dc58220667be655e1bcc261a7455254.sdkstatcache -output-file-map /tmp/club-spread-build/Build/Intermediates.noindex/CSDesign.build/Debug-iphonesimulator/CSDesign-t.build/Objects-normal/arm64/CSDesign-OutputFileMap.json -save-temps -no-color-diagnostics -explicit-module-build -module-cache-path /tmp/club-spread-build/Build/Intermediates.noindex/SwiftExplicitPrecompiledModules -clang-scanner-module-cache-path /tmp/club-spread-build/ModuleCache.noindex -sdk-module-cache-path /tmp/club-spread-build/SDKExplicitPrecompiledModules -emit-dependencies -emit-module -emit-module-path /tmp/club-spread-build/Build/Intermediates.noindex/CSDesign.build/Debug-iphonesimulator/CSDesign-t.build/Objects-normal/arm64/CSDesign.swiftmodule -serialize-diagnostics -dependency-scan-serialize-diagnostics-path /tmp/club-spread-build/Build/Intermediates.noindex/CSDesign.build/Debug-iphonesimulator/CSDesign-t.build/Objects-normal/arm64/CSDesign-dependency-scan.dia -validate-clang-modules-once -clang-build-session-file /tmp/club-spread-build/ModuleCache.noindex/Session.modulevalidation -Xcc -fmodules-prune-interval\=86400 -Xcc -fmodules-prune-after\=345600 -package-name csdesign -emit-const-values -const-gather-protocols-list /tmp/club-spread-build/Build/Intermediates.noindex/CSDesign.build/Debug-iphonesimulator/CSDesign-t.build/Objects-normal/arm64/CSDesign_const_extract_protocols.json -Xcc -I/tmp/club-spread-build/Build/Products/Debug-iphonesimulator/include -Xcc -I/tmp/club-spread-build/Build/Intermediates.noindex/CSDesign.build/Debug-iphonesimulator/CSDesign-t.build/DerivedSources-normal/arm64 -Xcc -I/tmp/club-spread-build/Build/Intermediates.noindex/CSDesign.build/Debug-iphonesimulator/CSDesign-t.build/DerivedSources/arm64 -Xcc -I/tmp/club-spread-build/Build/Intermediates.noindex/CSDesign.build/Debug-iphonesimulator/CSDesign-t.build/DerivedSources -Xcc -DSWIFT_PACKAGE -Xcc -DDEBUG\=1 -emit-objc-header -emit-objc-header-path /tmp/club-spread-build/Build/Intermediates.noindex/CSDesign.build/Debug-iphonesimulator/CSDesign-t.build/Objects-normal/arm64/CSDesign-Swift.h -working-directory /tmp/cup-season-compete-identity-plan/apps/ios/CupSeason.xcodeproj -experimental-emit-module-separately -disable-cmo

SwiftDriverJobDiscovery normal arm64 Emitting module for CSDesign (in target 'CSDesign' from project 'CSDesign')

SwiftDriver\ Compilation\ Requirements CSDesign normal arm64 com.apple.xcode.tools.swift.compiler (in target 'CSDesign' from project 'CSDesign')
    cd /tmp/cup-season-compete-identity-plan/apps/ios/CupSeason.xcodeproj
    builtin-Swift-Compilation-Requirements -- /Applications/Xcode.app/Contents/Developer/Toolchains/XcodeDefault.xctoolchain/usr/bin/swiftc -parse-as-library -module-name CSDesign -Onone @/tmp/club-spread-build/Build/Intermediates.noindex/CSDesign.build/Debug-iphonesimulator/CSDesign-t.build/Objects-normal/arm64/CSDesign.SwiftFileList -DSWIFT_PACKAGE -DDEBUG -DSWIFT_MODULE_RESOURCE_BUNDLE_UNAVAILABLE -DXcode -plugin-path /Applications/Xcode.app/Contents/Developer/Toolchains/XcodeDefault.xctoolchain/usr/lib/swift/host/plugins/testing -enable-experimental-feature DebugDescriptionMacro -sdk /Applications/Xcode.app/Contents/Developer/Platforms/iPhoneSimulator.platform/Developer/SDKs/iPhoneSimulator27.0.sdk -target arm64-apple-ios17.0-simulator -g -module-cache-path /tmp/club-spread-build/ModuleCache.noindex -Xfrontend -serialize-debugging-options -enable-testing -index-store-path /tmp/club-spread-build/Index.noindex/DataStore -Xcc -D_LIBCPP_HARDENING_MODE\=_LIBCPP_HARDENING_MODE_DEBUG -swift-version 6 -I /tmp/club-spread-build/Build/Products/Debug-iphonesimulator -Isystem /Applications/Xcode.app/Contents/Developer/Platforms/iPhoneSimulator.platform/Developer/usr/lib -F /tmp/club-spread-build/Build/Products/Debug-iphonesimulator -F /Applications/Xcode.app/Contents/Developer/Platforms/iPhoneSimulator.platform/Developer/Library/Frameworks -F /Applications/Xcode.app/Contents/Developer/Platforms/iPhoneSimulator.platform/Developer/SDKs/iPhoneSimulator27.0.sdk/Developer/Library/Frameworks -c -j10 -enable-batch-mode -incremental -Xcc -ivfsstatcache -Xcc /tmp/club-spread-build/SDKStatCaches.noindex/iphonesimulator27.0-24A430-8dc58220667be655e1bcc261a7455254.sdkstatcache -output-file-map /tmp/club-spread-build/Build/Intermediates.noindex/CSDesign.build/Debug-iphonesimulator/CSDesign-t.build/Objects-normal/arm64/CSDesign-OutputFileMap.json -save-temps -no-color-diagnostics -explicit-module-build -module-cache-path /tmp/club-spread-build/Build/Intermediates.noindex/SwiftExplicitPrecompiledModules -clang-scanner-module-cache-path /tmp/club-spread-build/ModuleCache.noindex -sdk-module-cache-path /tmp/club-spread-build/SDKExplicitPrecompiledModules -emit-dependencies -emit-module -emit-module-path /tmp/club-spread-build/Build/Intermediates.noindex/CSDesign.build/Debug-iphonesimulator/CSDesign-t.build/Objects-normal/arm64/CSDesign.swiftmodule -serialize-diagnostics -dependency-scan-serialize-diagnostics-path /tmp/club-spread-build/Build/Intermediates.noindex/CSDesign.build/Debug-iphonesimulator/CSDesign-t.build/Objects-normal/arm64/CSDesign-dependency-scan.dia -validate-clang-modules-once -clang-build-session-file /tmp/club-spread-build/ModuleCache.noindex/Session.modulevalidation -Xcc -fmodules-prune-interval\=86400 -Xcc -fmodules-prune-after\=345600 -package-name csdesign -emit-const-values -const-gather-protocols-list /tmp/club-spread-build/Build/Intermediates.noindex/CSDesign.build/Debug-iphonesimulator/CSDesign-t.build/Objects-normal/arm64/CSDesign_const_extract_protocols.json -Xcc -I/tmp/club-spread-build/Build/Products/Debug-iphonesimulator/include -Xcc -I/tmp/club-spread-build/Build/Intermediates.noindex/CSDesign.build/Debug-iphonesimulator/CSDesign-t.build/DerivedSources-normal/arm64 -Xcc -I/tmp/club-spread-build/Build/Intermediates.noindex/CSDesign.build/Debug-iphonesimulator/CSDesign-t.build/DerivedSources/arm64 -Xcc -I/tmp/club-spread-build/Build/Intermediates.noindex/CSDesign.build/Debug-iphonesimulator/CSDesign-t.build/DerivedSources -Xcc -DSWIFT_PACKAGE -Xcc -DDEBUG\=1 -emit-objc-header -emit-objc-header-path /tmp/club-spread-build/Build/Intermediates.noindex/CSDesign.build/Debug-iphonesimulator/CSDesign-t.build/Objects-normal/arm64/CSDesign-Swift.h -working-directory /tmp/cup-season-compete-identity-plan/apps/ios/CupSeason.xcodeproj -experimental-emit-module-separately -disable-cmo

Copy /tmp/club-spread-build/Build/Products/Debug-iphonesimulator/CSDesign.swiftmodule/arm64-apple-ios-simulator.swiftdoc /tmp/club-spread-build/Build/Intermediates.noindex/CSDesign.build/Debug-iphonesimulator/CSDesign-t.build/Objects-normal/arm64/CSDesign.swiftdoc (in target 'CSDesign' from project 'CSDesign')
    cd /tmp/cup-season-compete-identity-plan/apps/ios/Packages/CSDesign
    builtin-copy -exclude .DS_Store -exclude CVS -exclude .svn -exclude .git -exclude .hg -resolve-src-symlinks -rename /tmp/club-spread-build/Build/Intermediates.noindex/CSDesign.build/Debug-iphonesimulator/CSDesign-t.build/Objects-normal/arm64/CSDesign.swiftdoc /tmp/club-spread-build/Build/Products/Debug-iphonesimulator/CSDesign.swiftmodule/arm64-apple-ios-simulator.swiftdoc

Copy /tmp/club-spread-build/Build/Products/Debug-iphonesimulator/CSDesign.swiftmodule/arm64-apple-ios-simulator.abi.json /tmp/club-spread-build/Build/Intermediates.noindex/CSDesign.build/Debug-iphonesimulator/CSDesign-t.build/Objects-normal/arm64/CSDesign.abi.json (in target 'CSDesign' from project 'CSDesign')
    cd /tmp/cup-season-compete-identity-plan/apps/ios/Packages/CSDesign
    builtin-copy -exclude .DS_Store -exclude CVS -exclude .svn -exclude .git -exclude .hg -resolve-src-symlinks -rename /tmp/club-spread-build/Build/Intermediates.noindex/CSDesign.build/Debug-iphonesimulator/CSDesign-t.build/Objects-normal/arm64/CSDesign.abi.json /tmp/club-spread-build/Build/Products/Debug-iphonesimulator/CSDesign.swiftmodule/arm64-apple-ios-simulator.abi.json

Copy /tmp/club-spread-build/Build/Products/Debug-iphonesimulator/CSDesign.swiftmodule/arm64-apple-ios-simulator.swiftmodule /tmp/club-spread-build/Build/Intermediates.noindex/CSDesign.build/Debug-iphonesimulator/CSDesign-t.build/Objects-normal/arm64/CSDesign.swiftmodule (in target 'CSDesign' from project 'CSDesign')
    cd /tmp/cup-season-compete-identity-plan/apps/ios/Packages/CSDesign
    builtin-copy -exclude .DS_Store -exclude CVS -exclude .svn -exclude .git -exclude .hg -resolve-src-symlinks -rename /tmp/club-spread-build/Build/Intermediates.noindex/CSDesign.build/Debug-iphonesimulator/CSDesign-t.build/Objects-normal/arm64/CSDesign.swiftmodule /tmp/club-spread-build/Build/Products/Debug-iphonesimulator/CSDesign.swiftmodule/arm64-apple-ios-simulator.swiftmodule

Ld /tmp/club-spread-build/Build/Products/Debug-iphonesimulator/CSDesign.o normal (in target 'CSDesign' from project 'CSDesign')
    cd /tmp/cup-season-compete-identity-plan/apps/ios/Packages/CSDesign
    /Applications/Xcode.app/Contents/Developer/Toolchains/XcodeDefault.xctoolchain/usr/bin/clang -Xlinker -reproducible -target arm64-apple-ios17.0-simulator -r -isysroot /Applications/Xcode.app/Contents/Developer/Platforms/iPhoneSimulator.platform/Developer/SDKs/iPhoneSimulator27.0.sdk -O0 -Xlinker -no_warn_duplicate_libraries -F/tmp/club-spread-build/Build/Intermediates.noindex/EagerLinkingTBDs/Debug-iphonesimulator -F/tmp/club-spread-build/Build/Products/Debug-iphonesimulator -iframework /Applications/Xcode.app/Contents/Developer/Platforms/iPhoneSimulator.platform/Developer/Library/Frameworks -iframework /Applications/Xcode.app/Contents/Developer/Platforms/iPhoneSimulator.platform/Developer/SDKs/iPhoneSimulator27.0.sdk/Developer/Library/Frameworks -filelist /tmp/club-spread-build/Build/Intermediates.noindex/CSDesign.build/Debug-iphonesimulator/CSDesign-t.build/Objects-normal/arm64/CSDesign.LinkFileList -nostdlib -Xlinker -object_path_lto -Xlinker /tmp/club-spread-build/Build/Intermediates.noindex/CSDesign.build/Debug-iphonesimulator/CSDesign-t.build/Objects-normal/arm64/CSDesign_lto.o -Xlinker -no_deduplicate -Xlinker -objc_abi_version -Xlinker 2 -Xlinker -dependency_info -Xlinker /tmp/club-spread-build/Build/Intermediates.noindex/CSDesign.build/Debug-iphonesimulator/CSDesign-t.build/Objects-normal/arm64/CSDesign_dependency_info.dat -fobjc-link-runtime -L/Applications/Xcode.app/Contents/Developer/Toolchains/XcodeDefault.xctoolchain/usr/lib/swift/iphonesimulator -L/usr/lib/swift -Xlinker -add_ast_path -Xlinker /tmp/club-spread-build/Build/Intermediates.noindex/CSDesign.build/Debug-iphonesimulator/CSDesign-t.build/Objects-normal/arm64/CSDesign.swiftmodule -o /tmp/club-spread-build/Build/Products/Debug-iphonesimulator/CSDesign.o

Copy /tmp/club-spread-build/Build/Products/Debug-iphonesimulator/CSDesign.swiftmodule/Project/arm64-apple-ios-simulator.swiftsourceinfo /tmp/club-spread-build/Build/Intermediates.noindex/CSDesign.build/Debug-iphonesimulator/CSDesign-t.build/Objects-normal/arm64/CSDesign.swiftsourceinfo (in target 'CSDesign' from project 'CSDesign')
    cd /tmp/cup-season-compete-identity-plan/apps/ios/Packages/CSDesign
    builtin-copy -exclude .DS_Store -exclude CVS -exclude .svn -exclude .git -exclude .hg -resolve-src-symlinks -rename /tmp/club-spread-build/Build/Intermediates.noindex/CSDesign.build/Debug-iphonesimulator/CSDesign-t.build/Objects-normal/arm64/CSDesign.swiftsourceinfo /tmp/club-spread-build/Build/Products/Debug-iphonesimulator/CSDesign.swiftmodule/Project/arm64-apple-ios-simulator.swiftsourceinfo

SwiftDriver CupSeasonKit normal arm64 com.apple.xcode.tools.swift.compiler (in target 'CupSeasonKit' from project 'CupSeasonKit')
    cd /tmp/cup-season-compete-identity-plan/apps/ios/CupSeason.xcodeproj
    builtin-SwiftDriver -- /Applications/Xcode.app/Contents/Developer/Toolchains/XcodeDefault.xctoolchain/usr/bin/swiftc -parse-as-library -module-name CupSeasonKit -Onone @/tmp/club-spread-build/Build/Intermediates.noindex/CupSeasonKit.build/Debug-iphonesimulator/CupSeasonKit-t.build/Objects-normal/arm64/CupSeasonKit.SwiftFileList -DSWIFT_PACKAGE -DDEBUG -DSWIFT_MODULE_RESOURCE_BUNDLE_UNAVAILABLE -DXcode -plugin-path /Applications/Xcode.app/Contents/Developer/Toolchains/XcodeDefault.xctoolchain/usr/lib/swift/host/plugins/testing -enable-experimental-feature DebugDescriptionMacro -sdk /Applications/Xcode.app/Contents/Developer/Platforms/iPhoneSimulator.platform/Developer/SDKs/iPhoneSimulator27.0.sdk -target arm64-apple-ios17.0-simulator -g -module-cache-path /tmp/club-spread-build/ModuleCache.noindex -Xfrontend -serialize-debugging-options -enable-testing -index-store-path /tmp/club-spread-build/Index.noindex/DataStore -Xcc -D_LIBCPP_HARDENING_MODE\=_LIBCPP_HARDENING_MODE_DEBUG -swift-version 6 -I /tmp/club-spread-build/Build/Products/Debug-iphonesimulator -Isystem /Applications/Xcode.app/Contents/Developer/Platforms/iPhoneSimulator.platform/Developer/usr/lib -F /tmp/club-spread-build/Build/Products/Debug-iphonesimulator/PackageFrameworks -F /tmp/club-spread-build/Build/Products/Debug-iphonesimulator -F /Applications/Xcode.app/Contents/Developer/Platforms/iPhoneSimulator.platform/Developer/Library/Frameworks -F /Applications/Xcode.app/Contents/Developer/Platforms/iPhoneSimulator.platform/Developer/SDKs/iPhoneSimulator27.0.sdk/Developer/Library/Frameworks -c -j10 -enable-batch-mode -incremental -Xcc -ivfsstatcache -Xcc /tmp/club-spread-build/SDKStatCaches.noindex/iphonesimulator27.0-24A430-8dc58220667be655e1bcc261a7455254.sdkstatcache -output-file-map /tmp/club-spread-build/Build/Intermediates.noindex/CupSeasonKit.build/Debug-iphonesimulator/CupSeasonKit-t.build/Objects-normal/arm64/CupSeasonKit-OutputFileMap.json -save-temps -no-color-diagnostics -explicit-module-build -module-cache-path /tmp/club-spread-build/Build/Intermediates.noindex/SwiftExplicitPrecompiledModules -clang-scanner-module-cache-path /tmp/club-spread-build/ModuleCache.noindex -sdk-module-cache-path /tmp/club-spread-build/SDKExplicitPrecompiledModules -emit-dependencies -emit-module -emit-module-path /tmp/club-spread-build/Build/Intermediates.noindex/CupSeasonKit.build/Debug-iphonesimulator/CupSeasonKit-t.build/Objects-normal/arm64/CupSeasonKit.swiftmodule -serialize-diagnostics -dependency-scan-serialize-diagnostics-path /tmp/club-spread-build/Build/Intermediates.noindex/CupSeasonKit.build/Debug-iphonesimulator/CupSeasonKit-t.build/Objects-normal/arm64/CupSeasonKit-dependency-scan.dia -validate-clang-modules-once -clang-build-session-file /tmp/club-spread-build/ModuleCache.noindex/Session.modulevalidation -Xcc -fmodules-prune-interval\=86400 -Xcc -fmodules-prune-after\=345600 -package-name cupseasonkit -emit-const-values -const-gather-protocols-list /tmp/club-spread-build/Build/Intermediates.noindex/CupSeasonKit.build/Debug-iphonesimulator/CupSeasonKit-t.build/Objects-normal/arm64/CupSeasonKit_const_extract_protocols.json -Xcc -I/tmp/club-spread-build/Build/Products/Debug-iphonesimulator/include -Xcc -I/tmp/club-spread-build/Build/Intermediates.noindex/CupSeasonKit.build/Debug-iphonesimulator/CupSeasonKit-t.build/DerivedSources-normal/arm64 -Xcc -I/tmp/club-spread-build/Build/Intermediates.noindex/CupSeasonKit.build/Debug-iphonesimulator/CupSeasonKit-t.build/DerivedSources/arm64 -Xcc -I/tmp/club-spread-build/Build/Intermediates.noindex/CupSeasonKit.build/Debug-iphonesimulator/CupSeasonKit-t.build/DerivedSources -Xcc -DSWIFT_PACKAGE -Xcc -DDEBUG\=1 -emit-objc-header -emit-objc-header-path /tmp/club-spread-build/Build/Intermediates.noindex/CupSeasonKit.build/Debug-iphonesimulator/CupSeasonKit-t.build/Objects-normal/arm64/CupSeasonKit-Swift.h -working-directory /tmp/cup-season-compete-identity-plan/apps/ios/CupSeason.xcodeproj -experimental-emit-module-separately -disable-cmo

SwiftDriver CupSeasonWidgets normal arm64 com.apple.xcode.tools.swift.compiler (in target 'CupSeasonWidgets' from project 'CupSeason')
    cd /tmp/cup-season-compete-identity-plan/apps/ios
    builtin-SwiftDriver -- /Applications/Xcode.app/Contents/Developer/Toolchains/XcodeDefault.xctoolchain/usr/bin/swiftc -module-name CupSeasonWidgets -Onone @/tmp/club-spread-build/Build/Intermediates.noindex/CupSeason.build/Debug-iphonesimulator/CupSeasonWidgets.build/Objects-normal/arm64/CupSeasonWidgets.SwiftFileList -DDEBUG -DCS_WIDGET_EXTENSION -enable-experimental-feature DebugDescriptionMacro -sdk /Applications/Xcode.app/Contents/Developer/Platforms/iPhoneSimulator.platform/Developer/SDKs/iPhoneSimulator27.0.sdk -target arm64-apple-ios17.0-simulator -g -module-cache-path /tmp/club-spread-build/ModuleCache.noindex -Xfrontend -serialize-debugging-options -application-extension -enable-testing -index-store-path /tmp/club-spread-build/Index.noindex/DataStore -Xcc -D_LIBCPP_HARDENING_MODE\=_LIBCPP_HARDENING_MODE_DEBUG -swift-version 6 -I /tmp/club-spread-build/Build/Products/Debug-iphonesimulator -F /tmp/club-spread-build/Build/Products/Debug-iphonesimulator/PackageFrameworks -F /tmp/club-spread-build/Build/Products/Debug-iphonesimulator -c -j10 -enable-batch-mode -incremental -Xcc -ivfsstatcache -Xcc /tmp/club-spread-build/SDKStatCaches.noindex/iphonesimulator27.0-24A430-8dc58220667be655e1bcc261a7455254.sdkstatcache -output-file-map /tmp/club-spread-build/Build/Intermediates.noindex/CupSeason.build/Debug-iphonesimulator/CupSeasonWidgets.build/Objects-normal/arm64/CupSeasonWidgets-OutputFileMap.json -save-temps -no-color-diagnostics -explicit-module-build -module-cache-path /tmp/club-spread-build/Build/Intermediates.noindex/SwiftExplicitPrecompiledModules -clang-scanner-module-cache-path /tmp/club-spread-build/ModuleCache.noindex -sdk-module-cache-path /tmp/club-spread-build/SDKExplicitPrecompiledModules -emit-dependencies -emit-module -emit-module-path /tmp/club-spread-build/Build/Intermediates.noindex/CupSeason.build/Debug-iphonesimulator/CupSeasonWidgets.build/Objects-normal/arm64/CupSeasonWidgets.swiftmodule -serialize-diagnostics -dependency-scan-serialize-diagnostics-path /tmp/club-spread-build/Build/Intermediates.noindex/CupSeason.build/Debug-iphonesimulator/CupSeasonWidgets.build/Objects-normal/arm64/CupSeasonWidgets-dependency-scan.dia -validate-clang-modules-once -clang-build-session-file /tmp/club-spread-build/ModuleCache.noindex/Session.modulevalidation -Xcc -fmodules-prune-interval\=86400 -Xcc -fmodules-prune-after\=345600 -emit-const-values -const-gather-protocols-list /tmp/club-spread-build/Build/Intermediates.noindex/CupSeason.build/Debug-iphonesimulator/CupSeasonWidgets.build/Objects-normal/arm64/CupSeasonWidgets_const_extract_protocols.json -Xcc -iquote -Xcc /tmp/club-spread-build/Build/Intermediates.noindex/CupSeason.build/Debug-iphonesimulator/CupSeasonWidgets.build/CupSeasonWidgets-generated-files.hmap -Xcc -I/tmp/club-spread-build/Build/Intermediates.noindex/CupSeason.build/Debug-iphonesimulator/CupSeasonWidgets.build/CupSeasonWidgets-own-target-headers.hmap -Xcc -I/tmp/club-spread-build/Build/Intermediates.noindex/CupSeason.build/Debug-iphonesimulator/CupSeasonWidgets.build/CupSeasonWidgets-all-non-framework-target-headers.hmap -Xcc -ivfsoverlay -Xcc /tmp/club-spread-build/Build/Intermediates.noindex/CupSeason.build/Debug-iphonesimulator/CupSeason-26ac0422e5a2dad00507856b52f4ad6b-VFS-iphonesimulator/all-product-headers.yaml -Xcc -iquote -Xcc /tmp/club-spread-build/Build/Intermediates.noindex/CupSeason.build/Debug-iphonesimulator/CupSeasonWidgets.build/CupSeasonWidgets-project-headers.hmap -Xcc -I/tmp/club-spread-build/Build/Products/Debug-iphonesimulator/include -Xcc -I/tmp/club-spread-build/Build/Intermediates.noindex/CupSeason.build/Debug-iphonesimulator/CupSeasonWidgets.build/DerivedSources-normal/arm64 -Xcc -I/tmp/club-spread-build/Build/Intermediates.noindex/CupSeason.build/Debug-iphonesimulator/CupSeasonWidgets.build/DerivedSources/arm64 -Xcc -I/tmp/club-spread-build/Build/Intermediates.noindex/CupSeason.build/Debug-iphonesimulator/CupSeasonWidgets.build/DerivedSources -Xcc -DDEBUG\=1 -emit-objc-header -emit-objc-header-path /tmp/club-spread-build/Build/Intermediates.noindex/CupSeason.build/Debug-iphonesimulator/CupSeasonWidgets.build/Objects-normal/arm64/CupSeasonWidgets-Swift.h -working-directory /tmp/cup-season-compete-identity-plan/apps/ios -experimental-emit-module-separately -disable-cmo

SwiftDriver CSDesignTests normal arm64 com.apple.xcode.tools.swift.compiler (in target 'CSDesignTests-product' from project 'CSDesign')
    cd /tmp/cup-season-compete-identity-plan/apps/ios/CupSeason.xcodeproj
    builtin-SwiftDriver -- /Applications/Xcode.app/Contents/Developer/Toolchains/XcodeDefault.xctoolchain/usr/bin/swiftc -parse-as-library -module-name CSDesignTests -Onone @/tmp/club-spread-build/Build/Intermediates.noindex/CSDesign.build/Debug-iphonesimulator/CSDesignTests-p.build/Objects-normal/arm64/CSDesignTests.SwiftFileList -DSWIFT_PACKAGE -DDEBUG -DXcode -plugin-path /Applications/Xcode.app/Contents/Developer/Toolchains/XcodeDefault.xctoolchain/usr/lib/swift/host/plugins/testing -enable-experimental-feature DebugDescriptionMacro -sdk /Applications/Xcode.app/Contents/Developer/Platforms/iPhoneSimulator.platform/Developer/SDKs/iPhoneSimulator27.0.sdk -target arm64-apple-ios17.0-simulator -g -module-cache-path /tmp/club-spread-build/ModuleCache.noindex -Xfrontend -serialize-debugging-options -enable-testing -index-store-path /tmp/club-spread-build/Index.noindex/DataStore -Xcc -D_LIBCPP_HARDENING_MODE\=_LIBCPP_HARDENING_MODE_DEBUG -swift-version 6 -I /tmp/club-spread-build/Build/Products/Debug-iphonesimulator -Isystem /Applications/Xcode.app/Contents/Developer/Platforms/iPhoneSimulator.platform/Developer/usr/lib -F /tmp/club-spread-build/Build/Products/Debug-iphonesimulator/PackageFrameworks -F /tmp/club-spread-build/Build/Products/Debug-iphonesimulator -F /Applications/Xcode.app/Contents/Developer/Platforms/iPhoneSimulator.platform/Developer/Library/Frameworks -F /Applications/Xcode.app/Contents/Developer/Platforms/iPhoneSimulator.platform/Developer/SDKs/iPhoneSimulator27.0.sdk/Developer/Library/Frameworks -c -j10 -enable-batch-mode -incremental -Xcc -ivfsstatcache -Xcc /tmp/club-spread-build/SDKStatCaches.noindex/iphonesimulator27.0-24A430-8dc58220667be655e1bcc261a7455254.sdkstatcache -output-file-map /tmp/club-spread-build/Build/Intermediates.noindex/CSDesign.build/Debug-iphonesimulator/CSDesignTests-p.build/Objects-normal/arm64/CSDesignTests-OutputFileMap.json -save-temps -no-color-diagnostics -explicit-module-build -module-cache-path /tmp/club-spread-build/Build/Intermediates.noindex/SwiftExplicitPrecompiledModules -clang-scanner-module-cache-path /tmp/club-spread-build/ModuleCache.noindex -sdk-module-cache-path /tmp/club-spread-build/SDKExplicitPrecompiledModules -emit-dependencies -emit-module -emit-module-path /tmp/club-spread-build/Build/Intermediates.noindex/CSDesign.build/Debug-iphonesimulator/CSDesignTests-p.build/Objects-normal/arm64/CSDesignTests.swiftmodule -serialize-diagnostics -dependency-scan-serialize-diagnostics-path /tmp/club-spread-build/Build/Intermediates.noindex/CSDesign.build/Debug-iphonesimulator/CSDesignTests-p.build/Objects-normal/arm64/CSDesignTests-dependency-scan.dia -validate-clang-modules-once -clang-build-session-file /tmp/club-spread-build/ModuleCache.noindex/Session.modulevalidation -Xcc -fmodules-prune-interval\=86400 -Xcc -fmodules-prune-after\=345600 -package-name csdesign -emit-const-values -const-gather-protocols-list /tmp/club-spread-build/Build/Intermediates.noindex/CSDesign.build/Debug-iphonesimulator/CSDesignTests-p.build/Objects-normal/arm64/CSDesignTests_const_extract_protocols.json -Xcc -I/tmp/club-spread-build/Build/Products/Debug-iphonesimulator/include -Xcc -I/tmp/club-spread-build/Build/Intermediates.noindex/CSDesign.build/Debug-iphonesimulator/CSDesignTests-p.build/DerivedSources-normal/arm64 -Xcc -I/tmp/club-spread-build/Build/Intermediates.noindex/CSDesign.build/Debug-iphonesimulator/CSDesignTests-p.build/DerivedSources/arm64 -Xcc -I/tmp/club-spread-build/Build/Intermediates.noindex/CSDesign.build/Debug-iphonesimulator/CSDesignTests-p.build/DerivedSources -Xcc -DSWIFT_PACKAGE -Xcc -DDEBUG\=1 -working-directory /tmp/cup-season-compete-identity-plan/apps/ios/CupSeason.xcodeproj -experimental-emit-module-separately -disable-cmo

ExtractAppIntentsMetadata (in target 'CSDesign' from project 'CSDesign')
    cd /tmp/cup-season-compete-identity-plan/apps/ios/Packages/CSDesign
    /Applications/Xcode.app/Contents/Developer/Toolchains/XcodeDefault.xctoolchain/usr/bin/appintentsmetadataprocessor --toolchain-dir /Applications/Xcode.app/Contents/Developer/Toolchains/XcodeDefault.xctoolchain --module-name CSDesign --sdk-root /Applications/Xcode.app/Contents/Developer/Platforms/iPhoneSimulator.platform/Developer/SDKs/iPhoneSimulator27.0.sdk --xcode-version 27A266a --platform-family iOS --deployment-target 17.0 --bundle-identifier csdesign.CSDesign --output /tmp/club-spread-build/Build/Products/Debug-iphonesimulator/CSDesign.appintents --target-triple arm64-apple-ios17.0-simulator --binary-file /tmp/club-spread-build/Build/Products/Debug-iphonesimulator/CSDesign.o --dependency-file /tmp/club-spread-build/Build/Intermediates.noindex/CSDesign.build/Debug-iphonesimulator/CSDesign-t.build/Objects-normal/arm64/CSDesign_dependency_info.dat --stringsdata-file /tmp/club-spread-build/Build/Intermediates.noindex/CSDesign.build/Debug-iphonesimulator/CSDesign-t.build/Objects-normal/arm64/ExtractedAppShortcutsMetadata.stringsdata --source-file-list /tmp/club-spread-build/Build/Intermediates.noindex/CSDesign.build/Debug-iphonesimulator/CSDesign-t.build/Objects-normal/arm64/CSDesign.SwiftFileList --metadata-file-list /tmp/club-spread-build/Build/Intermediates.noindex/CSDesign.build/Debug-iphonesimulator/CSDesign-t.build/CSDesign.DependencyMetadataFileList --static-metadata-file-list /tmp/club-spread-build/Build/Intermediates.noindex/CSDesign.build/Debug-iphonesimulator/CSDesign-t.build/CSDesign.DependencyStaticMetadataFileList --swift-const-vals-list /tmp/club-spread-build/Build/Intermediates.noindex/CSDesign.build/Debug-iphonesimulator/CSDesign-t.build/Objects-normal/arm64/CSDesign.SwiftConstValuesFileList --force --compile-time-extraction --deployment-aware-processing --no-app-shortcuts-localization
2026-09-30 19:10:06.933 appintentsmetadataprocessor[80360:51290045] Starting appintentsmetadataprocessor export
2026-09-30 19:10:07.053 appintentsmetadataprocessor[80360:51290045] Extracted no relevant App Intents symbols, skipping writing output

ProcessInfoPlistFile /tmp/club-spread-build/Build/Products/Debug-iphonesimulator/CupSeasonWidgets.appex/Info.plist /tmp/cup-season-compete-identity-plan/apps/ios/CupSeasonWidgets/Info.plist (in target 'CupSeasonWidgets' from project 'CupSeason')
    cd /tmp/cup-season-compete-identity-plan/apps/ios
    builtin-infoPlistUtility /tmp/cup-season-compete-identity-plan/apps/ios/CupSeasonWidgets/Info.plist -producttype com.apple.product-type.app-extension -expandbuildsettings -format binary -platform iphonesimulator -o /tmp/club-spread-build/Build/Products/Debug-iphonesimulator/CupSeasonWidgets.appex/Info.plist

ProcessInfoPlistFile /tmp/club-spread-build/Build/Products/Debug-iphonesimulator/CSDesignTests.xctest/Info.plist /tmp/club-spread-build/Build/Intermediates.noindex/CSDesign.build/Debug-iphonesimulator/CSDesignTests-p.build/empty-CSDesignTests.plist (in target 'CSDesignTests-product' from project 'CSDesign')
    cd /tmp/cup-season-compete-identity-plan/apps/ios/Packages/CSDesign
    builtin-infoPlistUtility /tmp/club-spread-build/Build/Intermediates.noindex/CSDesign.build/Debug-iphonesimulator/CSDesignTests-p.build/empty-CSDesignTests.plist -producttype com.apple.product-type.bundle.unit-test -expandbuildsettings -format binary -platform iphonesimulator -o /tmp/club-spread-build/Build/Products/Debug-iphonesimulator/CSDesignTests.xctest/Info.plist

SwiftEmitModule normal arm64 Emitting\ module\ for\ CSDesignTests (in target 'CSDesignTests-product' from project 'CSDesign')

SwiftCompile normal arm64 (in target 'CSDesignTests-product' from project 'CSDesign')
    cd /tmp/cup-season-compete-identity-plan/apps/ios/CupSeason.xcodeproj
    

SwiftDriver\ Compilation CSDesignTests normal arm64 com.apple.xcode.tools.swift.compiler (in target 'CSDesignTests-product' from project 'CSDesign')
    cd /tmp/cup-season-compete-identity-plan/apps/ios/CupSeason.xcodeproj
    builtin-Swift-Compilation -- /Applications/Xcode.app/Contents/Developer/Toolchains/XcodeDefault.xctoolchain/usr/bin/swiftc -parse-as-library -module-name CSDesignTests -Onone @/tmp/club-spread-build/Build/Intermediates.noindex/CSDesign.build/Debug-iphonesimulator/CSDesignTests-p.build/Objects-normal/arm64/CSDesignTests.SwiftFileList -DSWIFT_PACKAGE -DDEBUG -DXcode -plugin-path /Applications/Xcode.app/Contents/Developer/Toolchains/XcodeDefault.xctoolchain/usr/lib/swift/host/plugins/testing -enable-experimental-feature DebugDescriptionMacro -sdk /Applications/Xcode.app/Contents/Developer/Platforms/iPhoneSimulator.platform/Developer/SDKs/iPhoneSimulator27.0.sdk -target arm64-apple-ios17.0-simulator -g -module-cache-path /tmp/club-spread-build/ModuleCache.noindex -Xfrontend -serialize-debugging-options -enable-testing -index-store-path /tmp/club-spread-build/Index.noindex/DataStore -Xcc -D_LIBCPP_HARDENING_MODE\=_LIBCPP_HARDENING_MODE_DEBUG -swift-version 6 -I /tmp/club-spread-build/Build/Products/Debug-iphonesimulator -Isystem /Applications/Xcode.app/Contents/Developer/Platforms/iPhoneSimulator.platform/Developer/usr/lib -F /tmp/club-spread-build/Build/Products/Debug-iphonesimulator/PackageFrameworks -F /tmp/club-spread-build/Build/Products/Debug-iphonesimulator -F /Applications/Xcode.app/Contents/Developer/Platforms/iPhoneSimulator.platform/Developer/Library/Frameworks -F /Applications/Xcode.app/Contents/Developer/Platforms/iPhoneSimulator.platform/Developer/SDKs/iPhoneSimulator27.0.sdk/Developer/Library/Frameworks -c -j10 -enable-batch-mode -incremental -Xcc -ivfsstatcache -Xcc /tmp/club-spread-build/SDKStatCaches.noindex/iphonesimulator27.0-24A430-8dc58220667be655e1bcc261a7455254.sdkstatcache -output-file-map /tmp/club-spread-build/Build/Intermediates.noindex/CSDesign.build/Debug-iphonesimulator/CSDesignTests-p.build/Objects-normal/arm64/CSDesignTests-OutputFileMap.json -save-temps -no-color-diagnostics -explicit-module-build -module-cache-path /tmp/club-spread-build/Build/Intermediates.noindex/SwiftExplicitPrecompiledModules -clang-scanner-module-cache-path /tmp/club-spread-build/ModuleCache.noindex -sdk-module-cache-path /tmp/club-spread-build/SDKExplicitPrecompiledModules -emit-dependencies -emit-module -emit-module-path /tmp/club-spread-build/Build/Intermediates.noindex/CSDesign.build/Debug-iphonesimulator/CSDesignTests-p.build/Objects-normal/arm64/CSDesignTests.swiftmodule -serialize-diagnostics -dependency-scan-serialize-diagnostics-path /tmp/club-spread-build/Build/Intermediates.noindex/CSDesign.build/Debug-iphonesimulator/CSDesignTests-p.build/Objects-normal/arm64/CSDesignTests-dependency-scan.dia -validate-clang-modules-once -clang-build-session-file /tmp/club-spread-build/ModuleCache.noindex/Session.modulevalidation -Xcc -fmodules-prune-interval\=86400 -Xcc -fmodules-prune-after\=345600 -package-name csdesign -emit-const-values -const-gather-protocols-list /tmp/club-spread-build/Build/Intermediates.noindex/CSDesign.build/Debug-iphonesimulator/CSDesignTests-p.build/Objects-normal/arm64/CSDesignTests_const_extract_protocols.json -Xcc -I/tmp/club-spread-build/Build/Products/Debug-iphonesimulator/include -Xcc -I/tmp/club-spread-build/Build/Intermediates.noindex/CSDesign.build/Debug-iphonesimulator/CSDesignTests-p.build/DerivedSources-normal/arm64 -Xcc -I/tmp/club-spread-build/Build/Intermediates.noindex/CSDesign.build/Debug-iphonesimulator/CSDesignTests-p.build/DerivedSources/arm64 -Xcc -I/tmp/club-spread-build/Build/Intermediates.noindex/CSDesign.build/Debug-iphonesimulator/CSDesignTests-p.build/DerivedSources -Xcc -DSWIFT_PACKAGE -Xcc -DDEBUG\=1 -working-directory /tmp/cup-season-compete-identity-plan/apps/ios/CupSeason.xcodeproj -experimental-emit-module-separately -disable-cmo

SwiftDriver\ Compilation\ Requirements CupSeasonWidgets normal arm64 com.apple.xcode.tools.swift.compiler (in target 'CupSeasonWidgets' from project 'CupSeason')
    cd /tmp/cup-season-compete-identity-plan/apps/ios
    builtin-Swift-Compilation-Requirements -- /Applications/Xcode.app/Contents/Developer/Toolchains/XcodeDefault.xctoolchain/usr/bin/swiftc -module-name CupSeasonWidgets -Onone @/tmp/club-spread-build/Build/Intermediates.noindex/CupSeason.build/Debug-iphonesimulator/CupSeasonWidgets.build/Objects-normal/arm64/CupSeasonWidgets.SwiftFileList -DDEBUG -DCS_WIDGET_EXTENSION -enable-experimental-feature DebugDescriptionMacro -sdk /Applications/Xcode.app/Contents/Developer/Platforms/iPhoneSimulator.platform/Developer/SDKs/iPhoneSimulator27.0.sdk -target arm64-apple-ios17.0-simulator -g -module-cache-path /tmp/club-spread-build/ModuleCache.noindex -Xfrontend -serialize-debugging-options -application-extension -enable-testing -index-store-path /tmp/club-spread-build/Index.noindex/DataStore -Xcc -D_LIBCPP_HARDENING_MODE\=_LIBCPP_HARDENING_MODE_DEBUG -swift-version 6 -I /tmp/club-spread-build/Build/Products/Debug-iphonesimulator -F /tmp/club-spread-build/Build/Products/Debug-iphonesimulator/PackageFrameworks -F /tmp/club-spread-build/Build/Products/Debug-iphonesimulator -c -j10 -enable-batch-mode -incremental -Xcc -ivfsstatcache -Xcc /tmp/club-spread-build/SDKStatCaches.noindex/iphonesimulator27.0-24A430-8dc58220667be655e1bcc261a7455254.sdkstatcache -output-file-map /tmp/club-spread-build/Build/Intermediates.noindex/CupSeason.build/Debug-iphonesimulator/CupSeasonWidgets.build/Objects-normal/arm64/CupSeasonWidgets-OutputFileMap.json -save-temps -no-color-diagnostics -explicit-module-build -module-cache-path /tmp/club-spread-build/Build/Intermediates.noindex/SwiftExplicitPrecompiledModules -clang-scanner-module-cache-path /tmp/club-spread-build/ModuleCache.noindex -sdk-module-cache-path /tmp/club-spread-build/SDKExplicitPrecompiledModules -emit-dependencies -emit-module -emit-module-path /tmp/club-spread-build/Build/Intermediates.noindex/CupSeason.build/Debug-iphonesimulator/CupSeasonWidgets.build/Objects-normal/arm64/CupSeasonWidgets.swiftmodule -serialize-diagnostics -dependency-scan-serialize-diagnostics-path /tmp/club-spread-build/Build/Intermediates.noindex/CupSeason.build/Debug-iphonesimulator/CupSeasonWidgets.build/Objects-normal/arm64/CupSeasonWidgets-dependency-scan.dia -validate-clang-modules-once -clang-build-session-file /tmp/club-spread-build/ModuleCache.noindex/Session.modulevalidation -Xcc -fmodules-prune-interval\=86400 -Xcc -fmodules-prune-after\=345600 -emit-const-values -const-gather-protocols-list /tmp/club-spread-build/Build/Intermediates.noindex/CupSeason.build/Debug-iphonesimulator/CupSeasonWidgets.build/Objects-normal/arm64/CupSeasonWidgets_const_extract_protocols.json -Xcc -iquote -Xcc /tmp/club-spread-build/Build/Intermediates.noindex/CupSeason.build/Debug-iphonesimulator/CupSeasonWidgets.build/CupSeasonWidgets-generated-files.hmap -Xcc -I/tmp/club-spread-build/Build/Intermediates.noindex/CupSeason.build/Debug-iphonesimulator/CupSeasonWidgets.build/CupSeasonWidgets-own-target-headers.hmap -Xcc -I/tmp/club-spread-build/Build/Intermediates.noindex/CupSeason.build/Debug-iphonesimulator/CupSeasonWidgets.build/CupSeasonWidgets-all-non-framework-target-headers.hmap -Xcc -ivfsoverlay -Xcc /tmp/club-spread-build/Build/Intermediates.noindex/CupSeason.build/Debug-iphonesimulator/CupSeason-26ac0422e5a2dad00507856b52f4ad6b-VFS-iphonesimulator/all-product-headers.yaml -Xcc -iquote -Xcc /tmp/club-spread-build/Build/Intermediates.noindex/CupSeason.build/Debug-iphonesimulator/CupSeasonWidgets.build/CupSeasonWidgets-project-headers.hmap -Xcc -I/tmp/club-spread-build/Build/Products/Debug-iphonesimulator/include -Xcc -I/tmp/club-spread-build/Build/Intermediates.noindex/CupSeason.build/Debug-iphonesimulator/CupSeasonWidgets.build/DerivedSources-normal/arm64 -Xcc -I/tmp/club-spread-build/Build/Intermediates.noindex/CupSeason.build/Debug-iphonesimulator/CupSeasonWidgets.build/DerivedSources/arm64 -Xcc -I/tmp/club-spread-build/Build/Intermediates.noindex/CupSeason.build/Debug-iphonesimulator/CupSeasonWidgets.build/DerivedSources -Xcc -DDEBUG\=1 -emit-objc-header -emit-objc-header-path /tmp/club-spread-build/Build/Intermediates.noindex/CupSeason.build/Debug-iphonesimulator/CupSeasonWidgets.build/Objects-normal/arm64/CupSeasonWidgets-Swift.h -working-directory /tmp/cup-season-compete-identity-plan/apps/ios -experimental-emit-module-separately -disable-cmo

SwiftDriver\ Compilation CupSeasonWidgets normal arm64 com.apple.xcode.tools.swift.compiler (in target 'CupSeasonWidgets' from project 'CupSeason')
    cd /tmp/cup-season-compete-identity-plan/apps/ios
    builtin-Swift-Compilation -- /Applications/Xcode.app/Contents/Developer/Toolchains/XcodeDefault.xctoolchain/usr/bin/swiftc -module-name CupSeasonWidgets -Onone @/tmp/club-spread-build/Build/Intermediates.noindex/CupSeason.build/Debug-iphonesimulator/CupSeasonWidgets.build/Objects-normal/arm64/CupSeasonWidgets.SwiftFileList -DDEBUG -DCS_WIDGET_EXTENSION -enable-experimental-feature DebugDescriptionMacro -sdk /Applications/Xcode.app/Contents/Developer/Platforms/iPhoneSimulator.platform/Developer/SDKs/iPhoneSimulator27.0.sdk -target arm64-apple-ios17.0-simulator -g -module-cache-path /tmp/club-spread-build/ModuleCache.noindex -Xfrontend -serialize-debugging-options -application-extension -enable-testing -index-store-path /tmp/club-spread-build/Index.noindex/DataStore -Xcc -D_LIBCPP_HARDENING_MODE\=_LIBCPP_HARDENING_MODE_DEBUG -swift-version 6 -I /tmp/club-spread-build/Build/Products/Debug-iphonesimulator -F /tmp/club-spread-build/Build/Products/Debug-iphonesimulator/PackageFrameworks -F /tmp/club-spread-build/Build/Products/Debug-iphonesimulator -c -j10 -enable-batch-mode -incremental -Xcc -ivfsstatcache -Xcc /tmp/club-spread-build/SDKStatCaches.noindex/iphonesimulator27.0-24A430-8dc58220667be655e1bcc261a7455254.sdkstatcache -output-file-map /tmp/club-spread-build/Build/Intermediates.noindex/CupSeason.build/Debug-iphonesimulator/CupSeasonWidgets.build/Objects-normal/arm64/CupSeasonWidgets-OutputFileMap.json -save-temps -no-color-diagnostics -explicit-module-build -module-cache-path /tmp/club-spread-build/Build/Intermediates.noindex/SwiftExplicitPrecompiledModules -clang-scanner-module-cache-path /tmp/club-spread-build/ModuleCache.noindex -sdk-module-cache-path /tmp/club-spread-build/SDKExplicitPrecompiledModules -emit-dependencies -emit-module -emit-module-path /tmp/club-spread-build/Build/Intermediates.noindex/CupSeason.build/Debug-iphonesimulator/CupSeasonWidgets.build/Objects-normal/arm64/CupSeasonWidgets.swiftmodule -serialize-diagnostics -dependency-scan-serialize-diagnostics-path /tmp/club-spread-build/Build/Intermediates.noindex/CupSeason.build/Debug-iphonesimulator/CupSeasonWidgets.build/Objects-normal/arm64/CupSeasonWidgets-dependency-scan.dia -validate-clang-modules-once -clang-build-session-file /tmp/club-spread-build/ModuleCache.noindex/Session.modulevalidation -Xcc -fmodules-prune-interval\=86400 -Xcc -fmodules-prune-after\=345600 -emit-const-values -const-gather-protocols-list /tmp/club-spread-build/Build/Intermediates.noindex/CupSeason.build/Debug-iphonesimulator/CupSeasonWidgets.build/Objects-normal/arm64/CupSeasonWidgets_const_extract_protocols.json -Xcc -iquote -Xcc /tmp/club-spread-build/Build/Intermediates.noindex/CupSeason.build/Debug-iphonesimulator/CupSeasonWidgets.build/CupSeasonWidgets-generated-files.hmap -Xcc -I/tmp/club-spread-build/Build/Intermediates.noindex/CupSeason.build/Debug-iphonesimulator/CupSeasonWidgets.build/CupSeasonWidgets-own-target-headers.hmap -Xcc -I/tmp/club-spread-build/Build/Intermediates.noindex/CupSeason.build/Debug-iphonesimulator/CupSeasonWidgets.build/CupSeasonWidgets-all-non-framework-target-headers.hmap -Xcc -ivfsoverlay -Xcc /tmp/club-spread-build/Build/Intermediates.noindex/CupSeason.build/Debug-iphonesimulator/CupSeason-26ac0422e5a2dad00507856b52f4ad6b-VFS-iphonesimulator/all-product-headers.yaml -Xcc -iquote -Xcc /tmp/club-spread-build/Build/Intermediates.noindex/CupSeason.build/Debug-iphonesimulator/CupSeasonWidgets.build/CupSeasonWidgets-project-headers.hmap -Xcc -I/tmp/club-spread-build/Build/Products/Debug-iphonesimulator/include -Xcc -I/tmp/club-spread-build/Build/Intermediates.noindex/CupSeason.build/Debug-iphonesimulator/CupSeasonWidgets.build/DerivedSources-normal/arm64 -Xcc -I/tmp/club-spread-build/Build/Intermediates.noindex/CupSeason.build/Debug-iphonesimulator/CupSeasonWidgets.build/DerivedSources/arm64 -Xcc -I/tmp/club-spread-build/Build/Intermediates.noindex/CupSeason.build/Debug-iphonesimulator/CupSeasonWidgets.build/DerivedSources -Xcc -DDEBUG\=1 -emit-objc-header -emit-objc-header-path /tmp/club-spread-build/Build/Intermediates.noindex/CupSeason.build/Debug-iphonesimulator/CupSeasonWidgets.build/Objects-normal/arm64/CupSeasonWidgets-Swift.h -working-directory /tmp/cup-season-compete-identity-plan/apps/ios -experimental-emit-module-separately -disable-cmo

Ld /tmp/club-spread-build/Build/Products/Debug-iphonesimulator/CSDesignTests.xctest/CSDesignTests normal (in target 'CSDesignTests-product' from project 'CSDesign')
    cd /tmp/cup-season-compete-identity-plan/apps/ios/Packages/CSDesign
    /Applications/Xcode.app/Contents/Developer/Toolchains/XcodeDefault.xctoolchain/usr/bin/swiftc -Xlinker -reproducible -target arm64-apple-ios17.0-simulator -Xlinker -bundle -sdk /Applications/Xcode.app/Contents/Developer/Platforms/iPhoneSimulator.platform/Developer/SDKs/iPhoneSimulator27.0.sdk -Xlinker -no_warn_duplicate_libraries -L/tmp/club-spread-build/Build/Intermediates.noindex/EagerLinkingTBDs/Debug-iphonesimulator -L/tmp/club-spread-build/Build/Products/Debug-iphonesimulator -L/Applications/Xcode.app/Contents/Developer/Platforms/iPhoneSimulator.platform/Developer/usr/lib -F/tmp/club-spread-build/Build/Intermediates.noindex/EagerLinkingTBDs/Debug-iphonesimulator -F/tmp/club-spread-build/Build/Products/Debug-iphonesimulator/PackageFrameworks -F/tmp/club-spread-build/Build/Products/Debug-iphonesimulator -Fsystem /Applications/Xcode.app/Contents/Developer/Platforms/iPhoneSimulator.platform/Developer/Library/Frameworks -Fsystem /Applications/Xcode.app/Contents/Developer/Platforms/iPhoneSimulator.platform/Developer/SDKs/iPhoneSimulator27.0.sdk/Developer/Library/Frameworks @/tmp/club-spread-build/Build/Intermediates.noindex/CSDesign.build/Debug-iphonesimulator/CSDesignTests-p.build/Objects-normal/arm64/CSDesignTests.LinkFileList -Xlinker -rpath -Xlinker /usr/lib/swift -Xlinker -rpath -Xlinker @loader_path -Xlinker -rpath -Xlinker /tmp/club-spread-build/Build/Products/Debug-iphonesimulator/PackageFrameworks -Xlinker -rpath -Xlinker @loader_path/../.. -Xlinker -rpath -Xlinker @loader_path/Frameworks -Xlinker -rpath -Xlinker @loader_path/../Frameworks -Xlinker -dead_strip -Xlinker -object_path_lto -Xlinker /tmp/club-spread-build/Build/Intermediates.noindex/CSDesign.build/Debug-iphonesimulator/CSDesignTests-p.build/Objects-normal/arm64/CSDesignTests_lto.o -Xclang-linker -rdynamic -Xlinker -no_deduplicate -Xlinker -objc_abi_version -Xlinker 2 -Xlinker -dependency_info -Xlinker /tmp/club-spread-build/Build/Intermediates.noindex/CSDesign.build/Debug-iphonesimulator/CSDesignTests-p.build/Objects-normal/arm64/CSDesignTests_dependency_info.dat -link-objc-runtime -L/Applications/Xcode.app/Contents/Developer/Toolchains/XcodeDefault.xctoolchain/usr/lib/swift/iphonesimulator -L/usr/lib/swift -Xlinker -add_ast_path -Xlinker /tmp/club-spread-build/Build/Intermediates.noindex/CSDesign.build/Debug-iphonesimulator/CSDesignTests-p.build/Objects-normal/arm64/CSDesignTests.swiftmodule -Xlinker -needed_framework -Xlinker XCTest -framework XCTest -Xlinker -needed-lXCTestSwiftSupport -lXCTestSwiftSupport -Xlinker -no_adhoc_codesign -o /tmp/club-spread-build/Build/Products/Debug-iphonesimulator/CSDesignTests.xctest/CSDesignTests -no-stdlib-rpath

Ld /tmp/club-spread-build/Build/Products/Debug-iphonesimulator/CupSeasonWidgets.appex/CupSeasonWidgets.debug.dylib normal (in target 'CupSeasonWidgets' from project 'CupSeason')
    cd /tmp/cup-season-compete-identity-plan/apps/ios
    /Applications/Xcode.app/Contents/Developer/Toolchains/XcodeDefault.xctoolchain/usr/bin/clang -Xlinker -reproducible -target arm64-apple-ios17.0-simulator -dynamiclib -isysroot /Applications/Xcode.app/Contents/Developer/Platforms/iPhoneSimulator.platform/Developer/SDKs/iPhoneSimulator27.0.sdk -O0 -Xlinker -no_warn_duplicate_libraries -L/tmp/club-spread-build/Build/Intermediates.noindex/EagerLinkingTBDs/Debug-iphonesimulator -L/tmp/club-spread-build/Build/Products/Debug-iphonesimulator -F/tmp/club-spread-build/Build/Intermediates.noindex/EagerLinkingTBDs/Debug-iphonesimulator -F/tmp/club-spread-build/Build/Products/Debug-iphonesimulator/PackageFrameworks -F/tmp/club-spread-build/Build/Products/Debug-iphonesimulator -filelist /tmp/club-spread-build/Build/Intermediates.noindex/CupSeason.build/Debug-iphonesimulator/CupSeasonWidgets.build/Objects-normal/arm64/CupSeasonWidgets.LinkFileList -install_name @rpath/CupSeasonWidgets.debug.dylib -Xlinker -rpath -Xlinker /usr/lib/swift -Xlinker -rpath -Xlinker @loader_path -Xlinker -rpath -Xlinker /tmp/club-spread-build/Build/Products/Debug-iphonesimulator/PackageFrameworks -Xlinker -rpath -Xlinker @executable_path/Frameworks -Xlinker -rpath -Xlinker @executable_path/../../Frameworks -Xlinker -dead_strip -Xlinker -object_path_lto -Xlinker /tmp/club-spread-build/Build/Intermediates.noindex/CupSeason.build/Debug-iphonesimulator/CupSeasonWidgets.build/Objects-normal/arm64/CupSeasonWidgets_lto.o -rdynamic -Xlinker -no_deduplicate -Xlinker -objc_abi_version -Xlinker 2 -Xlinker -dependency_info -Xlinker /tmp/club-spread-build/Build/Intermediates.noindex/CupSeason.build/Debug-iphonesimulator/CupSeasonWidgets.build/Objects-normal/arm64/CupSeasonWidgets_dependency_info.dat -fapplication-extension -fobjc-link-runtime -L/Applications/Xcode.app/Contents/Developer/Toolchains/XcodeDefault.xctoolchain/usr/lib/swift/iphonesimulator -L/usr/lib/swift -Xlinker -add_ast_path -Xlinker /tmp/club-spread-build/Build/Intermediates.noindex/CupSeason.build/Debug-iphonesimulator/CupSeasonWidgets.build/Objects-normal/arm64/CupSeasonWidgets.swiftmodule -Xlinker -alias -Xlinker _NSExtensionMain -Xlinker ___debug_main_executable_dylib_entry_point -Xlinker -no_adhoc_codesign -o /tmp/club-spread-build/Build/Products/Debug-iphonesimulator/CupSeasonWidgets.appex/CupSeasonWidgets.debug.dylib

ConstructStubExecutorLinkFileList /tmp/club-spread-build/Build/Intermediates.noindex/CupSeason.build/Debug-iphonesimulator/CupSeasonWidgets.build/CupSeasonWidgets-ExecutorLinkFileList-normal-arm64.txt (in target 'CupSeasonWidgets' from project 'CupSeason')
    cd /tmp/cup-season-compete-identity-plan/apps/ios
    construct-stub-executor-link-file-list /tmp/club-spread-build/Build/Products/Debug-iphonesimulator/CupSeasonWidgets.appex/CupSeasonWidgets.debug.dylib /Applications/Xcode.app/Contents/Developer/Platforms/iPhoneSimulator.platform/Developer/usr/lib/libPreviewsJITStubExecutor_no_swift_entry_point.a /Applications/Xcode.app/Contents/Developer/Platforms/iPhoneSimulator.platform/Developer/usr/lib/libPreviewsJITStubExecutor.a --output /tmp/club-spread-build/Build/Intermediates.noindex/CupSeason.build/Debug-iphonesimulator/CupSeasonWidgets.build/CupSeasonWidgets-ExecutorLinkFileList-normal-arm64.txt
note: Using stub executor library with Swift entry point. (in target 'CupSeasonWidgets' from project 'CupSeason')

Ld /tmp/club-spread-build/Build/Products/Debug-iphonesimulator/CupSeasonWidgets.appex/CupSeasonWidgets normal (in target 'CupSeasonWidgets' from project 'CupSeason')
    cd /tmp/cup-season-compete-identity-plan/apps/ios
    /Applications/Xcode.app/Contents/Developer/Toolchains/XcodeDefault.xctoolchain/usr/bin/clang -Xlinker -reproducible -target arm64-apple-ios17.0-simulator -isysroot /Applications/Xcode.app/Contents/Developer/Platforms/iPhoneSimulator.platform/Developer/SDKs/iPhoneSimulator27.0.sdk -O0 -Xlinker -no_warn_duplicate_libraries -L/tmp/club-spread-build/Build/Products/Debug-iphonesimulator -F/tmp/club-spread-build/Build/Products/Debug-iphonesimulator/PackageFrameworks -F/tmp/club-spread-build/Build/Products/Debug-iphonesimulator -Xlinker -rpath -Xlinker @executable_path -Xlinker -rpath -Xlinker @loader_path -Xlinker -rpath -Xlinker /tmp/club-spread-build/Build/Products/Debug-iphonesimulator/PackageFrameworks -Xlinker -rpath -Xlinker @executable_path/Frameworks -Xlinker -rpath -Xlinker @executable_path/../../Frameworks -rdynamic -Xlinker -no_deduplicate -Xlinker -objc_abi_version -Xlinker 2 -e ___debug_blank_executor_main -Xlinker -sectcreate -Xlinker __TEXT -Xlinker __debug_dylib -Xlinker /tmp/club-spread-build/Build/Intermediates.noindex/CupSeason.build/Debug-iphonesimulator/CupSeasonWidgets.build/CupSeasonWidgets-DebugDylibPath-normal-arm64.txt -Xlinker -sectcreate -Xlinker __TEXT -Xlinker __debug_entry -Xlinker /tmp/club-spread-build/Build/Intermediates.noindex/CupSeason.build/Debug-iphonesimulator/CupSeasonWidgets.build/CupSeasonWidgets-DebugEntryPoint-normal-arm64.txt -Xlinker -sectcreate -Xlinker __TEXT -Xlinker __debug_instlnm -Xlinker /tmp/club-spread-build/Build/Intermediates.noindex/CupSeason.build/Debug-iphonesimulator/CupSeasonWidgets.build/CupSeasonWidgets-DebugDylibInstallName-normal-arm64.txt -Xlinker -filelist -Xlinker /tmp/club-spread-build/Build/Intermediates.noindex/CupSeason.build/Debug-iphonesimulator/CupSeasonWidgets.build/CupSeasonWidgets-ExecutorLinkFileList-normal-arm64.txt -Xlinker -sectcreate -Xlinker __TEXT -Xlinker __entitlements -Xlinker /tmp/club-spread-build/Build/Intermediates.noindex/CupSeason.build/Debug-iphonesimulator/CupSeasonWidgets.build/CupSeasonWidgets.appex-Simulated.xcent -Xlinker -sectcreate -Xlinker __TEXT -Xlinker __ents_der -Xlinker /tmp/club-spread-build/Build/Intermediates.noindex/CupSeason.build/Debug-iphonesimulator/CupSeasonWidgets.build/CupSeasonWidgets.appex-Simulated.xcent.der /tmp/club-spread-build/Build/Products/Debug-iphonesimulator/CupSeasonWidgets.appex/CupSeasonWidgets.debug.dylib -Xlinker -no_adhoc_codesign -o /tmp/club-spread-build/Build/Products/Debug-iphonesimulator/CupSeasonWidgets.appex/CupSeasonWidgets

Copy /tmp/club-spread-build/Build/Products/Debug-iphonesimulator/CupSeasonWidgets.swiftmodule/arm64-apple-ios-simulator.abi.json /tmp/club-spread-build/Build/Intermediates.noindex/CupSeason.build/Debug-iphonesimulator/CupSeasonWidgets.build/Objects-normal/arm64/CupSeasonWidgets.abi.json (in target 'CupSeasonWidgets' from project 'CupSeason')
    cd /tmp/cup-season-compete-identity-plan/apps/ios
    builtin-copy -exclude .DS_Store -exclude CVS -exclude .svn -exclude .git -exclude .hg -resolve-src-symlinks -rename /tmp/club-spread-build/Build/Intermediates.noindex/CupSeason.build/Debug-iphonesimulator/CupSeasonWidgets.build/Objects-normal/arm64/CupSeasonWidgets.abi.json /tmp/club-spread-build/Build/Products/Debug-iphonesimulator/CupSeasonWidgets.swiftmodule/arm64-apple-ios-simulator.abi.json

ExtractAppIntentsMetadata (in target 'CupSeasonWidgets' from project 'CupSeason')
    cd /tmp/cup-season-compete-identity-plan/apps/ios
    /Applications/Xcode.app/Contents/Developer/Toolchains/XcodeDefault.xctoolchain/usr/bin/appintentsmetadataprocessor --toolchain-dir /Applications/Xcode.app/Contents/Developer/Toolchains/XcodeDefault.xctoolchain --module-name CupSeasonWidgets --sdk-root /Applications/Xcode.app/Contents/Developer/Platforms/iPhoneSimulator.platform/Developer/SDKs/iPhoneSimulator27.0.sdk --xcode-version 27A266a --platform-family iOS --deployment-target 17.0 --bundle-identifier app.cupseason.ios.widgets --output /tmp/club-spread-build/Build/Products/Debug-iphonesimulator/CupSeasonWidgets.appex --target-triple arm64-apple-ios17.0-simulator --binary-file /tmp/club-spread-build/Build/Products/Debug-iphonesimulator/CupSeasonWidgets.appex/CupSeasonWidgets --dependency-file /tmp/club-spread-build/Build/Intermediates.noindex/CupSeason.build/Debug-iphonesimulator/CupSeasonWidgets.build/Objects-normal/arm64/CupSeasonWidgets_dependency_info.dat --stringsdata-file /tmp/club-spread-build/Build/Intermediates.noindex/CupSeason.build/Debug-iphonesimulator/CupSeasonWidgets.build/Objects-normal/arm64/ExtractedAppShortcutsMetadata.stringsdata --source-file-list /tmp/club-spread-build/Build/Intermediates.noindex/CupSeason.build/Debug-iphonesimulator/CupSeasonWidgets.build/Objects-normal/arm64/CupSeasonWidgets.SwiftFileList --metadata-file-list /tmp/club-spread-build/Build/Intermediates.noindex/CupSeason.build/Debug-iphonesimulator/CupSeasonWidgets.build/CupSeasonWidgets.DependencyMetadataFileList --static-metadata-file-list /tmp/club-spread-build/Build/Intermediates.noindex/CupSeason.build/Debug-iphonesimulator/CupSeasonWidgets.build/CupSeasonWidgets.DependencyStaticMetadataFileList --swift-const-vals-list /tmp/club-spread-build/Build/Intermediates.noindex/CupSeason.build/Debug-iphonesimulator/CupSeasonWidgets.build/Objects-normal/arm64/CupSeasonWidgets.SwiftConstValuesFileList --compile-time-extraction --deployment-aware-processing --no-app-shortcuts-localization
2026-09-30 19:10:07.645 appintentsmetadataprocessor[80386:51290155] Starting appintentsmetadataprocessor export
2026-09-30 19:10:07.688 appintentsmetadataprocessor[80386:51290155] Writing Metadata.appintents
2026-09-30 19:10:07.688 appintentsmetadataprocessor[80386:51290155] Metadata root: /tmp/club-spread-build/Build/Products/Debug-iphonesimulator/CupSeasonWidgets.appex/Metadata.appintents

SwiftEmitModule normal arm64 Emitting\ module\ for\ CupSeasonKit (in target 'CupSeasonKit' from project 'CupSeasonKit')

SwiftCompile normal arm64 (in target 'CupSeasonKit' from project 'CupSeasonKit')
    cd /tmp/cup-season-compete-identity-plan/apps/ios/CupSeason.xcodeproj
    

SwiftDriver\ Compilation CupSeasonKit normal arm64 com.apple.xcode.tools.swift.compiler (in target 'CupSeasonKit' from project 'CupSeasonKit')
    cd /tmp/cup-season-compete-identity-plan/apps/ios/CupSeason.xcodeproj
    builtin-Swift-Compilation -- /Applications/Xcode.app/Contents/Developer/Toolchains/XcodeDefault.xctoolchain/usr/bin/swiftc -parse-as-library -module-name CupSeasonKit -Onone @/tmp/club-spread-build/Build/Intermediates.noindex/CupSeasonKit.build/Debug-iphonesimulator/CupSeasonKit-t.build/Objects-normal/arm64/CupSeasonKit.SwiftFileList -DSWIFT_PACKAGE -DDEBUG -DSWIFT_MODULE_RESOURCE_BUNDLE_UNAVAILABLE -DXcode -plugin-path /Applications/Xcode.app/Contents/Developer/Toolchains/XcodeDefault.xctoolchain/usr/lib/swift/host/plugins/testing -enable-experimental-feature DebugDescriptionMacro -sdk /Applications/Xcode.app/Contents/Developer/Platforms/iPhoneSimulator.platform/Developer/SDKs/iPhoneSimulator27.0.sdk -target arm64-apple-ios17.0-simulator -g -module-cache-path /tmp/club-spread-build/ModuleCache.noindex -Xfrontend -serialize-debugging-options -enable-testing -index-store-path /tmp/club-spread-build/Index.noindex/DataStore -Xcc -D_LIBCPP_HARDENING_MODE\=_LIBCPP_HARDENING_MODE_DEBUG -swift-version 6 -I /tmp/club-spread-build/Build/Products/Debug-iphonesimulator -Isystem /Applications/Xcode.app/Contents/Developer/Platforms/iPhoneSimulator.platform/Developer/usr/lib -F /tmp/club-spread-build/Build/Products/Debug-iphonesimulator/PackageFrameworks -F /tmp/club-spread-build/Build/Products/Debug-iphonesimulator -F /Applications/Xcode.app/Contents/Developer/Platforms/iPhoneSimulator.platform/Developer/Library/Frameworks -F /Applications/Xcode.app/Contents/Developer/Platforms/iPhoneSimulator.platform/Developer/SDKs/iPhoneSimulator27.0.sdk/Developer/Library/Frameworks -c -j10 -enable-batch-mode -incremental -Xcc -ivfsstatcache -Xcc /tmp/club-spread-build/SDKStatCaches.noindex/iphonesimulator27.0-24A430-8dc58220667be655e1bcc261a7455254.sdkstatcache -output-file-map /tmp/club-spread-build/Build/Intermediates.noindex/CupSeasonKit.build/Debug-iphonesimulator/CupSeasonKit-t.build/Objects-normal/arm64/CupSeasonKit-OutputFileMap.json -save-temps -no-color-diagnostics -explicit-module-build -module-cache-path /tmp/club-spread-build/Build/Intermediates.noindex/SwiftExplicitPrecompiledModules -clang-scanner-module-cache-path /tmp/club-spread-build/ModuleCache.noindex -sdk-module-cache-path /tmp/club-spread-build/SDKExplicitPrecompiledModules -emit-dependencies -emit-module -emit-module-path /tmp/club-spread-build/Build/Intermediates.noindex/CupSeasonKit.build/Debug-iphonesimulator/CupSeasonKit-t.build/Objects-normal/arm64/CupSeasonKit.swiftmodule -serialize-diagnostics -dependency-scan-serialize-diagnostics-path /tmp/club-spread-build/Build/Intermediates.noindex/CupSeasonKit.build/Debug-iphonesimulator/CupSeasonKit-t.build/Objects-normal/arm64/CupSeasonKit-dependency-scan.dia -validate-clang-modules-once -clang-build-session-file /tmp/club-spread-build/ModuleCache.noindex/Session.modulevalidation -Xcc -fmodules-prune-interval\=86400 -Xcc -fmodules-prune-after\=345600 -package-name cupseasonkit -emit-const-values -const-gather-protocols-list /tmp/club-spread-build/Build/Intermediates.noindex/CupSeasonKit.build/Debug-iphonesimulator/CupSeasonKit-t.build/Objects-normal/arm64/CupSeasonKit_const_extract_protocols.json -Xcc -I/tmp/club-spread-build/Build/Products/Debug-iphonesimulator/include -Xcc -I/tmp/club-spread-build/Build/Intermediates.noindex/CupSeasonKit.build/Debug-iphonesimulator/CupSeasonKit-t.build/DerivedSources-normal/arm64 -Xcc -I/tmp/club-spread-build/Build/Intermediates.noindex/CupSeasonKit.build/Debug-iphonesimulator/CupSeasonKit-t.build/DerivedSources/arm64 -Xcc -I/tmp/club-spread-build/Build/Intermediates.noindex/CupSeasonKit.build/Debug-iphonesimulator/CupSeasonKit-t.build/DerivedSources -Xcc -DSWIFT_PACKAGE -Xcc -DDEBUG\=1 -emit-objc-header -emit-objc-header-path /tmp/club-spread-build/Build/Intermediates.noindex/CupSeasonKit.build/Debug-iphonesimulator/CupSeasonKit-t.build/Objects-normal/arm64/CupSeasonKit-Swift.h -working-directory /tmp/cup-season-compete-identity-plan/apps/ios/CupSeason.xcodeproj -experimental-emit-module-separately -disable-cmo

CodeSign /tmp/club-spread-build/Build/Products/Debug-iphonesimulator/CupSeasonWidgets.appex/CupSeasonWidgets.debug.dylib (in target 'CupSeasonWidgets' from project 'CupSeason')
    cd /tmp/cup-season-compete-identity-plan/apps/ios
    
    Signing Identity:     "Sign to Run Locally"
    
    /usr/bin/codesign --force --sign - --timestamp\=none --generate-entitlement-der /tmp/club-spread-build/Build/Products/Debug-iphonesimulator/CupSeasonWidgets.appex/CupSeasonWidgets.debug.dylib

CodeSign /tmp/club-spread-build/Build/Products/Debug-iphonesimulator/CupSeasonWidgets.appex (in target 'CupSeasonWidgets' from project 'CupSeason')
    cd /tmp/cup-season-compete-identity-plan/apps/ios
    
    Signing Identity:     "Sign to Run Locally"
    
    /usr/bin/codesign --force --sign - --entitlements /tmp/club-spread-build/Build/Intermediates.noindex/CupSeason.build/Debug-iphonesimulator/CupSeasonWidgets.build/CupSeasonWidgets.appex.xcent --timestamp\=none --generate-entitlement-der /tmp/club-spread-build/Build/Products/Debug-iphonesimulator/CupSeasonWidgets.appex

SwiftDriverJobDiscovery normal arm64 Emitting module for CSDesignTests (in target 'CSDesignTests-product' from project 'CSDesign')

SwiftDriver\ Compilation\ Requirements CSDesignTests normal arm64 com.apple.xcode.tools.swift.compiler (in target 'CSDesignTests-product' from project 'CSDesign')
    cd /tmp/cup-season-compete-identity-plan/apps/ios/CupSeason.xcodeproj
    builtin-Swift-Compilation-Requirements -- /Applications/Xcode.app/Contents/Developer/Toolchains/XcodeDefault.xctoolchain/usr/bin/swiftc -parse-as-library -module-name CSDesignTests -Onone @/tmp/club-spread-build/Build/Intermediates.noindex/CSDesign.build/Debug-iphonesimulator/CSDesignTests-p.build/Objects-normal/arm64/CSDesignTests.SwiftFileList -DSWIFT_PACKAGE -DDEBUG -DXcode -plugin-path /Applications/Xcode.app/Contents/Developer/Toolchains/XcodeDefault.xctoolchain/usr/lib/swift/host/plugins/testing -enable-experimental-feature DebugDescriptionMacro -sdk /Applications/Xcode.app/Contents/Developer/Platforms/iPhoneSimulator.platform/Developer/SDKs/iPhoneSimulator27.0.sdk -target arm64-apple-ios17.0-simulator -g -module-cache-path /tmp/club-spread-build/ModuleCache.noindex -Xfrontend -serialize-debugging-options -enable-testing -index-store-path /tmp/club-spread-build/Index.noindex/DataStore -Xcc -D_LIBCPP_HARDENING_MODE\=_LIBCPP_HARDENING_MODE_DEBUG -swift-version 6 -I /tmp/club-spread-build/Build/Products/Debug-iphonesimulator -Isystem /Applications/Xcode.app/Contents/Developer/Platforms/iPhoneSimulator.platform/Developer/usr/lib -F /tmp/club-spread-build/Build/Products/Debug-iphonesimulator/PackageFrameworks -F /tmp/club-spread-build/Build/Products/Debug-iphonesimulator -F /Applications/Xcode.app/Contents/Developer/Platforms/iPhoneSimulator.platform/Developer/Library/Frameworks -F /Applications/Xcode.app/Contents/Developer/Platforms/iPhoneSimulator.platform/Developer/SDKs/iPhoneSimulator27.0.sdk/Developer/Library/Frameworks -c -j10 -enable-batch-mode -incremental -Xcc -ivfsstatcache -Xcc /tmp/club-spread-build/SDKStatCaches.noindex/iphonesimulator27.0-24A430-8dc58220667be655e1bcc261a7455254.sdkstatcache -output-file-map /tmp/club-spread-build/Build/Intermediates.noindex/CSDesign.build/Debug-iphonesimulator/CSDesignTests-p.build/Objects-normal/arm64/CSDesignTests-OutputFileMap.json -save-temps -no-color-diagnostics -explicit-module-build -module-cache-path /tmp/club-spread-build/Build/Intermediates.noindex/SwiftExplicitPrecompiledModules -clang-scanner-module-cache-path /tmp/club-spread-build/ModuleCache.noindex -sdk-module-cache-path /tmp/club-spread-build/SDKExplicitPrecompiledModules -emit-dependencies -emit-module -emit-module-path /tmp/club-spread-build/Build/Intermediates.noindex/CSDesign.build/Debug-iphonesimulator/CSDesignTests-p.build/Objects-normal/arm64/CSDesignTests.swiftmodule -serialize-diagnostics -dependency-scan-serialize-diagnostics-path /tmp/club-spread-build/Build/Intermediates.noindex/CSDesign.build/Debug-iphonesimulator/CSDesignTests-p.build/Objects-normal/arm64/CSDesignTests-dependency-scan.dia -validate-clang-modules-once -clang-build-session-file /tmp/club-spread-build/ModuleCache.noindex/Session.modulevalidation -Xcc -fmodules-prune-interval\=86400 -Xcc -fmodules-prune-after\=345600 -package-name csdesign -emit-const-values -const-gather-protocols-list /tmp/club-spread-build/Build/Intermediates.noindex/CSDesign.build/Debug-iphonesimulator/CSDesignTests-p.build/Objects-normal/arm64/CSDesignTests_const_extract_protocols.json -Xcc -I/tmp/club-spread-build/Build/Products/Debug-iphonesimulator/include -Xcc -I/tmp/club-spread-build/Build/Intermediates.noindex/CSDesign.build/Debug-iphonesimulator/CSDesignTests-p.build/DerivedSources-normal/arm64 -Xcc -I/tmp/club-spread-build/Build/Intermediates.noindex/CSDesign.build/Debug-iphonesimulator/CSDesignTests-p.build/DerivedSources/arm64 -Xcc -I/tmp/club-spread-build/Build/Intermediates.noindex/CSDesign.build/Debug-iphonesimulator/CSDesignTests-p.build/DerivedSources -Xcc -DSWIFT_PACKAGE -Xcc -DDEBUG\=1 -working-directory /tmp/cup-season-compete-identity-plan/apps/ios/CupSeason.xcodeproj -experimental-emit-module-separately -disable-cmo

Copy /tmp/club-spread-build/Build/Products/Debug-iphonesimulator/CSDesignTests.swiftmodule/arm64-apple-ios-simulator.abi.json /tmp/club-spread-build/Build/Intermediates.noindex/CSDesign.build/Debug-iphonesimulator/CSDesignTests-p.build/Objects-normal/arm64/CSDesignTests.abi.json (in target 'CSDesignTests-product' from project 'CSDesign')
    cd /tmp/cup-season-compete-identity-plan/apps/ios/Packages/CSDesign
    builtin-copy -exclude .DS_Store -exclude CVS -exclude .svn -exclude .git -exclude .hg -resolve-src-symlinks -rename /tmp/club-spread-build/Build/Intermediates.noindex/CSDesign.build/Debug-iphonesimulator/CSDesignTests-p.build/Objects-normal/arm64/CSDesignTests.abi.json /tmp/club-spread-build/Build/Products/Debug-iphonesimulator/CSDesignTests.swiftmodule/arm64-apple-ios-simulator.abi.json

CopySwiftLibs /tmp/club-spread-build/Build/Products/Debug-iphonesimulator/CSDesignTests.xctest (in target 'CSDesignTests-product' from project 'CSDesign')
    cd /tmp/cup-season-compete-identity-plan/apps/ios/Packages/CSDesign
    builtin-swiftStdLibTool --copy --verbose --sign - --scan-executable /tmp/club-spread-build/Build/Products/Debug-iphonesimulator/CSDesignTests.xctest/CSDesignTests --scan-folder /tmp/club-spread-build/Build/Products/Debug-iphonesimulator/CSDesignTests.xctest/Frameworks --scan-folder /tmp/club-spread-build/Build/Products/Debug-iphonesimulator/CSDesignTests.xctest/PlugIns --scan-folder /tmp/club-spread-build/Build/Products/Debug-iphonesimulator/CSDesignTests.xctest/SystemExtensions --scan-folder /tmp/club-spread-build/Build/Products/Debug-iphonesimulator/CSDesignTests.xctest/Extensions --platform iphonesimulator --toolchain /Applications/Xcode.app/Contents/Developer/Toolchains/XcodeDefault.xctoolchain --destination /tmp/club-spread-build/Build/Products/Debug-iphonesimulator/CSDesignTests.xctest/Frameworks --strip-bitcode --scan-executable /Applications/Xcode.app/Contents/Developer/Platforms/iPhoneSimulator.platform/Developer/usr/lib/libXCTestSwiftSupport.dylib --strip-bitcode-tool /Applications/Xcode.app/Contents/Developer/Toolchains/XcodeDefault.xctoolchain/usr/bin/bitcode_strip --emit-dependency-info /tmp/club-spread-build/Build/Intermediates.noindex/CSDesign.build/Debug-iphonesimulator/CSDesignTests-p.build/SwiftStdLibToolInputDependencies.dep --filter-for-swift-os

ExtractAppIntentsMetadata (in target 'CSDesignTests-product' from project 'CSDesign')
    cd /tmp/cup-season-compete-identity-plan/apps/ios/Packages/CSDesign
    /Applications/Xcode.app/Contents/Developer/Toolchains/XcodeDefault.xctoolchain/usr/bin/appintentsmetadataprocessor --toolchain-dir /Applications/Xcode.app/Contents/Developer/Toolchains/XcodeDefault.xctoolchain --module-name CSDesignTests --sdk-root /Applications/Xcode.app/Contents/Developer/Platforms/iPhoneSimulator.platform/Developer/SDKs/iPhoneSimulator27.0.sdk --xcode-version 27A266a --platform-family iOS --deployment-target 17.0 --bundle-identifier csdesign.CSDesignTests --output /tmp/club-spread-build/Build/Products/Debug-iphonesimulator/CSDesignTests.xctest --target-triple arm64-apple-ios17.0-simulator --binary-file /tmp/club-spread-build/Build/Products/Debug-iphonesimulator/CSDesignTests.xctest/CSDesignTests --dependency-file /tmp/club-spread-build/Build/Intermediates.noindex/CSDesign.build/Debug-iphonesimulator/CSDesignTests-p.build/Objects-normal/arm64/CSDesignTests_dependency_info.dat --stringsdata-file /tmp/club-spread-build/Build/Intermediates.noindex/CSDesign.build/Debug-iphonesimulator/CSDesignTests-p.build/Objects-normal/arm64/ExtractedAppShortcutsMetadata.stringsdata --source-file-list /tmp/club-spread-build/Build/Intermediates.noindex/CSDesign.build/Debug-iphonesimulator/CSDesignTests-p.build/Objects-normal/arm64/CSDesignTests.SwiftFileList --metadata-file-list /tmp/club-spread-build/Build/Intermediates.noindex/CSDesign.build/Debug-iphonesimulator/CSDesignTests-p.build/CSDesignTests.DependencyMetadataFileList --static-metadata-file-list /tmp/club-spread-build/Build/Intermediates.noindex/CSDesign.build/Debug-iphonesimulator/CSDesignTests-p.build/CSDesignTests.DependencyStaticMetadataFileList --swift-const-vals-list /tmp/club-spread-build/Build/Intermediates.noindex/CSDesign.build/Debug-iphonesimulator/CSDesignTests-p.build/Objects-normal/arm64/CSDesignTests.SwiftConstValuesFileList --compile-time-extraction --deployment-aware-processing --no-app-shortcuts-localization
2026-09-30 19:10:07.966 appintentsmetadataprocessor[80397:51290197] Starting appintentsmetadataprocessor export
2026-09-30 19:10:07.967 appintentsmetadataprocessor[80397:51290197] warning: Metadata extraction skipped, no AppIntents.framework dependency found

CodeSign /tmp/club-spread-build/Build/Products/Debug-iphonesimulator/CSDesignTests.xctest (in target 'CSDesignTests-product' from project 'CSDesign')
    cd /tmp/cup-season-compete-identity-plan/apps/ios/Packages/CSDesign
    
    Signing Identity:     "Sign to Run Locally"
    
    /usr/bin/codesign --force --sign - --timestamp\=none --generate-entitlement-der /tmp/club-spread-build/Build/Products/Debug-iphonesimulator/CSDesignTests.xctest

SwiftDriverJobDiscovery normal arm64 Emitting module for CupSeasonKit (in target 'CupSeasonKit' from project 'CupSeasonKit')

SwiftDriver\ Compilation\ Requirements CupSeasonKit normal arm64 com.apple.xcode.tools.swift.compiler (in target 'CupSeasonKit' from project 'CupSeasonKit')
    cd /tmp/cup-season-compete-identity-plan/apps/ios/CupSeason.xcodeproj
    builtin-Swift-Compilation-Requirements -- /Applications/Xcode.app/Contents/Developer/Toolchains/XcodeDefault.xctoolchain/usr/bin/swiftc -parse-as-library -module-name CupSeasonKit -Onone @/tmp/club-spread-build/Build/Intermediates.noindex/CupSeasonKit.build/Debug-iphonesimulator/CupSeasonKit-t.build/Objects-normal/arm64/CupSeasonKit.SwiftFileList -DSWIFT_PACKAGE -DDEBUG -DSWIFT_MODULE_RESOURCE_BUNDLE_UNAVAILABLE -DXcode -plugin-path /Applications/Xcode.app/Contents/Developer/Toolchains/XcodeDefault.xctoolchain/usr/lib/swift/host/plugins/testing -enable-experimental-feature DebugDescriptionMacro -sdk /Applications/Xcode.app/Contents/Developer/Platforms/iPhoneSimulator.platform/Developer/SDKs/iPhoneSimulator27.0.sdk -target arm64-apple-ios17.0-simulator -g -module-cache-path /tmp/club-spread-build/ModuleCache.noindex -Xfrontend -serialize-debugging-options -enable-testing -index-store-path /tmp/club-spread-build/Index.noindex/DataStore -Xcc -D_LIBCPP_HARDENING_MODE\=_LIBCPP_HARDENING_MODE_DEBUG -swift-version 6 -I /tmp/club-spread-build/Build/Products/Debug-iphonesimulator -Isystem /Applications/Xcode.app/Contents/Developer/Platforms/iPhoneSimulator.platform/Developer/usr/lib -F /tmp/club-spread-build/Build/Products/Debug-iphonesimulator/PackageFrameworks -F /tmp/club-spread-build/Build/Products/Debug-iphonesimulator -F /Applications/Xcode.app/Contents/Developer/Platforms/iPhoneSimulator.platform/Developer/Library/Frameworks -F /Applications/Xcode.app/Contents/Developer/Platforms/iPhoneSimulator.platform/Developer/SDKs/iPhoneSimulator27.0.sdk/Developer/Library/Frameworks -c -j10 -enable-batch-mode -incremental -Xcc -ivfsstatcache -Xcc /tmp/club-spread-build/SDKStatCaches.noindex/iphonesimulator27.0-24A430-8dc58220667be655e1bcc261a7455254.sdkstatcache -output-file-map /tmp/club-spread-build/Build/Intermediates.noindex/CupSeasonKit.build/Debug-iphonesimulator/CupSeasonKit-t.build/Objects-normal/arm64/CupSeasonKit-OutputFileMap.json -save-temps -no-color-diagnostics -explicit-module-build -module-cache-path /tmp/club-spread-build/Build/Intermediates.noindex/SwiftExplicitPrecompiledModules -clang-scanner-module-cache-path /tmp/club-spread-build/ModuleCache.noindex -sdk-module-cache-path /tmp/club-spread-build/SDKExplicitPrecompiledModules -emit-dependencies -emit-module -emit-module-path /tmp/club-spread-build/Build/Intermediates.noindex/CupSeasonKit.build/Debug-iphonesimulator/CupSeasonKit-t.build/Objects-normal/arm64/CupSeasonKit.swiftmodule -serialize-diagnostics -dependency-scan-serialize-diagnostics-path /tmp/club-spread-build/Build/Intermediates.noindex/CupSeasonKit.build/Debug-iphonesimulator/CupSeasonKit-t.build/Objects-normal/arm64/CupSeasonKit-dependency-scan.dia -validate-clang-modules-once -clang-build-session-file /tmp/club-spread-build/ModuleCache.noindex/Session.modulevalidation -Xcc -fmodules-prune-interval\=86400 -Xcc -fmodules-prune-after\=345600 -package-name cupseasonkit -emit-const-values -const-gather-protocols-list /tmp/club-spread-build/Build/Intermediates.noindex/CupSeasonKit.build/Debug-iphonesimulator/CupSeasonKit-t.build/Objects-normal/arm64/CupSeasonKit_const_extract_protocols.json -Xcc -I/tmp/club-spread-build/Build/Products/Debug-iphonesimulator/include -Xcc -I/tmp/club-spread-build/Build/Intermediates.noindex/CupSeasonKit.build/Debug-iphonesimulator/CupSeasonKit-t.build/DerivedSources-normal/arm64 -Xcc -I/tmp/club-spread-build/Build/Intermediates.noindex/CupSeasonKit.build/Debug-iphonesimulator/CupSeasonKit-t.build/DerivedSources/arm64 -Xcc -I/tmp/club-spread-build/Build/Intermediates.noindex/CupSeasonKit.build/Debug-iphonesimulator/CupSeasonKit-t.build/DerivedSources -Xcc -DSWIFT_PACKAGE -Xcc -DDEBUG\=1 -emit-objc-header -emit-objc-header-path /tmp/club-spread-build/Build/Intermediates.noindex/CupSeasonKit.build/Debug-iphonesimulator/CupSeasonKit-t.build/Objects-normal/arm64/CupSeasonKit-Swift.h -working-directory /tmp/cup-season-compete-identity-plan/apps/ios/CupSeason.xcodeproj -experimental-emit-module-separately -disable-cmo

Copy /tmp/club-spread-build/Build/Products/Debug-iphonesimulator/CupSeasonKit.swiftmodule/arm64-apple-ios-simulator.abi.json /tmp/club-spread-build/Build/Intermediates.noindex/CupSeasonKit.build/Debug-iphonesimulator/CupSeasonKit-t.build/Objects-normal/arm64/CupSeasonKit.abi.json (in target 'CupSeasonKit' from project 'CupSeasonKit')
    cd /tmp/cup-season-compete-identity-plan/apps/ios/Packages/CupSeasonKit
    builtin-copy -exclude .DS_Store -exclude CVS -exclude .svn -exclude .git -exclude .hg -resolve-src-symlinks -rename /tmp/club-spread-build/Build/Intermediates.noindex/CupSeasonKit.build/Debug-iphonesimulator/CupSeasonKit-t.build/Objects-normal/arm64/CupSeasonKit.abi.json /tmp/club-spread-build/Build/Products/Debug-iphonesimulator/CupSeasonKit.swiftmodule/arm64-apple-ios-simulator.abi.json

SwiftDriver CupSeasonKitTests normal arm64 com.apple.xcode.tools.swift.compiler (in target 'CupSeasonKitTests-product' from project 'CupSeasonKit')
    cd /tmp/cup-season-compete-identity-plan/apps/ios/CupSeason.xcodeproj
    builtin-SwiftDriver -- /Applications/Xcode.app/Contents/Developer/Toolchains/XcodeDefault.xctoolchain/usr/bin/swiftc -parse-as-library -module-name CupSeasonKitTests -Onone @/tmp/club-spread-build/Build/Intermediates.noindex/CupSeasonKit.build/Debug-iphonesimulator/CupSeasonKitTests-p.build/Objects-normal/arm64/CupSeasonKitTests.SwiftFileList -DSWIFT_PACKAGE -DDEBUG -DSWIFT_MODULE_RESOURCE_BUNDLE_AVAILABLE -DXcode -plugin-path /Applications/Xcode.app/Contents/Developer/Toolchains/XcodeDefault.xctoolchain/usr/lib/swift/host/plugins/testing -enable-experimental-feature DebugDescriptionMacro -sdk /Applications/Xcode.app/Contents/Developer/Platforms/iPhoneSimulator.platform/Developer/SDKs/iPhoneSimulator27.0.sdk -target arm64-apple-ios17.0-simulator -g -module-cache-path /tmp/club-spread-build/ModuleCache.noindex -Xfrontend -serialize-debugging-options -enable-testing -index-store-path /tmp/club-spread-build/Index.noindex/DataStore -Xcc -D_LIBCPP_HARDENING_MODE\=_LIBCPP_HARDENING_MODE_DEBUG -swift-version 6 -I /tmp/club-spread-build/Build/Products/Debug-iphonesimulator -Isystem /Applications/Xcode.app/Contents/Developer/Platforms/iPhoneSimulator.platform/Developer/usr/lib -F /tmp/club-spread-build/Build/Products/Debug-iphonesimulator/PackageFrameworks -F /tmp/club-spread-build/Build/Products/Debug-iphonesimulator -F /Applications/Xcode.app/Contents/Developer/Platforms/iPhoneSimulator.platform/Developer/Library/Frameworks -F /Applications/Xcode.app/Contents/Developer/Platforms/iPhoneSimulator.platform/Developer/SDKs/iPhoneSimulator27.0.sdk/Developer/Library/Frameworks -c -j10 -enable-batch-mode -incremental -Xcc -ivfsstatcache -Xcc /tmp/club-spread-build/SDKStatCaches.noindex/iphonesimulator27.0-24A430-8dc58220667be655e1bcc261a7455254.sdkstatcache -output-file-map /tmp/club-spread-build/Build/Intermediates.noindex/CupSeasonKit.build/Debug-iphonesimulator/CupSeasonKitTests-p.build/Objects-normal/arm64/CupSeasonKitTests-OutputFileMap.json -save-temps -no-color-diagnostics -explicit-module-build -module-cache-path /tmp/club-spread-build/Build/Intermediates.noindex/SwiftExplicitPrecompiledModules -clang-scanner-module-cache-path /tmp/club-spread-build/ModuleCache.noindex -sdk-module-cache-path /tmp/club-spread-build/SDKExplicitPrecompiledModules -emit-dependencies -emit-module -emit-module-path /tmp/club-spread-build/Build/Intermediates.noindex/CupSeasonKit.build/Debug-iphonesimulator/CupSeasonKitTests-p.build/Objects-normal/arm64/CupSeasonKitTests.swiftmodule -serialize-diagnostics -dependency-scan-serialize-diagnostics-path /tmp/club-spread-build/Build/Intermediates.noindex/CupSeasonKit.build/Debug-iphonesimulator/CupSeasonKitTests-p.build/Objects-normal/arm64/CupSeasonKitTests-dependency-scan.dia -validate-clang-modules-once -clang-build-session-file /tmp/club-spread-build/ModuleCache.noindex/Session.modulevalidation -Xcc -fmodules-prune-interval\=86400 -Xcc -fmodules-prune-after\=345600 -package-name cupseasonkit -emit-const-values -const-gather-protocols-list /tmp/club-spread-build/Build/Intermediates.noindex/CupSeasonKit.build/Debug-iphonesimulator/CupSeasonKitTests-p.build/Objects-normal/arm64/CupSeasonKitTests_const_extract_protocols.json -Xcc -I/tmp/club-spread-build/Build/Products/Debug-iphonesimulator/include -Xcc -I/tmp/club-spread-build/Build/Intermediates.noindex/CupSeasonKit.build/Debug-iphonesimulator/CupSeasonKitTests-p.build/DerivedSources-normal/arm64 -Xcc -I/tmp/club-spread-build/Build/Intermediates.noindex/CupSeasonKit.build/Debug-iphonesimulator/CupSeasonKitTests-p.build/DerivedSources/arm64 -Xcc -I/tmp/club-spread-build/Build/Intermediates.noindex/CupSeasonKit.build/Debug-iphonesimulator/CupSeasonKitTests-p.build/DerivedSources -Xcc -DSWIFT_PACKAGE -Xcc -DDEBUG\=1 -working-directory /tmp/cup-season-compete-identity-plan/apps/ios/CupSeason.xcodeproj -experimental-emit-module-separately -disable-cmo

SwiftDriver CupSeason normal arm64 com.apple.xcode.tools.swift.compiler (in target 'CupSeason' from project 'CupSeason')
    cd /tmp/cup-season-compete-identity-plan/apps/ios
    builtin-SwiftDriver -- /Applications/Xcode.app/Contents/Developer/Toolchains/XcodeDefault.xctoolchain/usr/bin/swiftc -module-name CupSeason -Onone @/tmp/club-spread-build/Build/Intermediates.noindex/CupSeason.build/Debug-iphonesimulator/CupSeason.build/Objects-normal/arm64/CupSeason.SwiftFileList -DDEBUG -enable-experimental-feature DebugDescriptionMacro -sdk /Applications/Xcode.app/Contents/Developer/Platforms/iPhoneSimulator.platform/Developer/SDKs/iPhoneSimulator27.0.sdk -target arm64-apple-ios17.0-simulator -g -module-cache-path /tmp/club-spread-build/ModuleCache.noindex -Xfrontend -serialize-debugging-options -enable-testing -index-store-path /tmp/club-spread-build/Index.noindex/DataStore -Xcc -D_LIBCPP_HARDENING_MODE\=_LIBCPP_HARDENING_MODE_DEBUG -swift-version 6 -I /tmp/club-spread-build/Build/Products/Debug-iphonesimulator -F /tmp/club-spread-build/Build/Products/Debug-iphonesimulator/PackageFrameworks -F /tmp/club-spread-build/Build/Products/Debug-iphonesimulator -c -j10 -enable-batch-mode -incremental -Xcc -ivfsstatcache -Xcc /tmp/club-spread-build/SDKStatCaches.noindex/iphonesimulator27.0-24A430-8dc58220667be655e1bcc261a7455254.sdkstatcache -output-file-map /tmp/club-spread-build/Build/Intermediates.noindex/CupSeason.build/Debug-iphonesimulator/CupSeason.build/Objects-normal/arm64/CupSeason-OutputFileMap.json -save-temps -no-color-diagnostics -explicit-module-build -module-cache-path /tmp/club-spread-build/Build/Intermediates.noindex/SwiftExplicitPrecompiledModules -clang-scanner-module-cache-path /tmp/club-spread-build/ModuleCache.noindex -sdk-module-cache-path /tmp/club-spread-build/SDKExplicitPrecompiledModules -emit-dependencies -emit-module -emit-module-path /tmp/club-spread-build/Build/Intermediates.noindex/CupSeason.build/Debug-iphonesimulator/CupSeason.build/Objects-normal/arm64/CupSeason.swiftmodule -serialize-diagnostics -dependency-scan-serialize-diagnostics-path /tmp/club-spread-build/Build/Intermediates.noindex/CupSeason.build/Debug-iphonesimulator/CupSeason.build/Objects-normal/arm64/CupSeason-dependency-scan.dia -validate-clang-modules-once -clang-build-session-file /tmp/club-spread-build/ModuleCache.noindex/Session.modulevalidation -Xcc -fmodules-prune-interval\=86400 -Xcc -fmodules-prune-after\=345600 -emit-const-values -const-gather-protocols-list /tmp/club-spread-build/Build/Intermediates.noindex/CupSeason.build/Debug-iphonesimulator/CupSeason.build/Objects-normal/arm64/CupSeason_const_extract_protocols.json -Xcc -iquote -Xcc /tmp/club-spread-build/Build/Intermediates.noindex/CupSeason.build/Debug-iphonesimulator/CupSeason.build/CupSeason-generated-files.hmap -Xcc -I/tmp/club-spread-build/Build/Intermediates.noindex/CupSeason.build/Debug-iphonesimulator/CupSeason.build/CupSeason-own-target-headers.hmap -Xcc -I/tmp/club-spread-build/Build/Intermediates.noindex/CupSeason.build/Debug-iphonesimulator/CupSeason.build/CupSeason-all-non-framework-target-headers.hmap -Xcc -ivfsoverlay -Xcc /tmp/club-spread-build/Build/Intermediates.noindex/CupSeason.build/Debug-iphonesimulator/CupSeason-26ac0422e5a2dad00507856b52f4ad6b-VFS-iphonesimulator/all-product-headers.yaml -Xcc -iquote -Xcc /tmp/club-spread-build/Build/Intermediates.noindex/CupSeason.build/Debug-iphonesimulator/CupSeason.build/CupSeason-project-headers.hmap -Xcc -I/tmp/club-spread-build/Build/Products/Debug-iphonesimulator/include -Xcc -I/tmp/club-spread-build/Build/Intermediates.noindex/CupSeason.build/Debug-iphonesimulator/CupSeason.build/DerivedSources-normal/arm64 -Xcc -I/tmp/club-spread-build/Build/Intermediates.noindex/CupSeason.build/Debug-iphonesimulator/CupSeason.build/DerivedSources/arm64 -Xcc -I/tmp/club-spread-build/Build/Intermediates.noindex/CupSeason.build/Debug-iphonesimulator/CupSeason.build/DerivedSources -Xcc -DDEBUG\=1 -emit-objc-header -emit-objc-header-path /tmp/club-spread-build/Build/Intermediates.noindex/CupSeason.build/Debug-iphonesimulator/CupSeason.build/Objects-normal/arm64/CupSeason-Swift.h -working-directory /tmp/cup-season-compete-identity-plan/apps/ios -experimental-emit-module-separately -disable-cmo

ProcessInfoPlistFile /tmp/club-spread-build/Build/Products/Debug-iphonesimulator/CupSeasonKitTests.xctest/Info.plist /tmp/club-spread-build/Build/Intermediates.noindex/CupSeasonKit.build/Debug-iphonesimulator/CupSeasonKitTests-p.build/empty-CupSeasonKitTests.plist (in target 'CupSeasonKitTests-product' from project 'CupSeasonKit')
    cd /tmp/cup-season-compete-identity-plan/apps/ios/Packages/CupSeasonKit
    builtin-infoPlistUtility /tmp/club-spread-build/Build/Intermediates.noindex/CupSeasonKit.build/Debug-iphonesimulator/CupSeasonKitTests-p.build/empty-CupSeasonKitTests.plist -producttype com.apple.product-type.bundle.unit-test -expandbuildsettings -format binary -platform iphonesimulator -scanforprivacyfile /tmp/club-spread-build/Build/Products/Debug-iphonesimulator/CupSeasonKitTests.xctest/swift-crypto_Crypto.bundle -o /tmp/club-spread-build/Build/Products/Debug-iphonesimulator/CupSeasonKitTests.xctest/Info.plist

SwiftEmitModule normal arm64 Emitting\ module\ for\ CupSeasonKitTests (in target 'CupSeasonKitTests-product' from project 'CupSeasonKit')

SwiftCompile normal arm64 (in target 'CupSeasonKitTests-product' from project 'CupSeasonKit')
    cd /tmp/cup-season-compete-identity-plan/apps/ios/CupSeason.xcodeproj
    

SwiftDriver\ Compilation CupSeasonKitTests normal arm64 com.apple.xcode.tools.swift.compiler (in target 'CupSeasonKitTests-product' from project 'CupSeasonKit')
    cd /tmp/cup-season-compete-identity-plan/apps/ios/CupSeason.xcodeproj
    builtin-Swift-Compilation -- /Applications/Xcode.app/Contents/Developer/Toolchains/XcodeDefault.xctoolchain/usr/bin/swiftc -parse-as-library -module-name CupSeasonKitTests -Onone @/tmp/club-spread-build/Build/Intermediates.noindex/CupSeasonKit.build/Debug-iphonesimulator/CupSeasonKitTests-p.build/Objects-normal/arm64/CupSeasonKitTests.SwiftFileList -DSWIFT_PACKAGE -DDEBUG -DSWIFT_MODULE_RESOURCE_BUNDLE_AVAILABLE -DXcode -plugin-path /Applications/Xcode.app/Contents/Developer/Toolchains/XcodeDefault.xctoolchain/usr/lib/swift/host/plugins/testing -enable-experimental-feature DebugDescriptionMacro -sdk /Applications/Xcode.app/Contents/Developer/Platforms/iPhoneSimulator.platform/Developer/SDKs/iPhoneSimulator27.0.sdk -target arm64-apple-ios17.0-simulator -g -module-cache-path /tmp/club-spread-build/ModuleCache.noindex -Xfrontend -serialize-debugging-options -enable-testing -index-store-path /tmp/club-spread-build/Index.noindex/DataStore -Xcc -D_LIBCPP_HARDENING_MODE\=_LIBCPP_HARDENING_MODE_DEBUG -swift-version 6 -I /tmp/club-spread-build/Build/Products/Debug-iphonesimulator -Isystem /Applications/Xcode.app/Contents/Developer/Platforms/iPhoneSimulator.platform/Developer/usr/lib -F /tmp/club-spread-build/Build/Products/Debug-iphonesimulator/PackageFrameworks -F /tmp/club-spread-build/Build/Products/Debug-iphonesimulator -F /Applications/Xcode.app/Contents/Developer/Platforms/iPhoneSimulator.platform/Developer/Library/Frameworks -F /Applications/Xcode.app/Contents/Developer/Platforms/iPhoneSimulator.platform/Developer/SDKs/iPhoneSimulator27.0.sdk/Developer/Library/Frameworks -c -j10 -enable-batch-mode -incremental -Xcc -ivfsstatcache -Xcc /tmp/club-spread-build/SDKStatCaches.noindex/iphonesimulator27.0-24A430-8dc58220667be655e1bcc261a7455254.sdkstatcache -output-file-map /tmp/club-spread-build/Build/Intermediates.noindex/CupSeasonKit.build/Debug-iphonesimulator/CupSeasonKitTests-p.build/Objects-normal/arm64/CupSeasonKitTests-OutputFileMap.json -save-temps -no-color-diagnostics -explicit-module-build -module-cache-path /tmp/club-spread-build/Build/Intermediates.noindex/SwiftExplicitPrecompiledModules -clang-scanner-module-cache-path /tmp/club-spread-build/ModuleCache.noindex -sdk-module-cache-path /tmp/club-spread-build/SDKExplicitPrecompiledModules -emit-dependencies -emit-module -emit-module-path /tmp/club-spread-build/Build/Intermediates.noindex/CupSeasonKit.build/Debug-iphonesimulator/CupSeasonKitTests-p.build/Objects-normal/arm64/CupSeasonKitTests.swiftmodule -serialize-diagnostics -dependency-scan-serialize-diagnostics-path /tmp/club-spread-build/Build/Intermediates.noindex/CupSeasonKit.build/Debug-iphonesimulator/CupSeasonKitTests-p.build/Objects-normal/arm64/CupSeasonKitTests-dependency-scan.dia -validate-clang-modules-once -clang-build-session-file /tmp/club-spread-build/ModuleCache.noindex/Session.modulevalidation -Xcc -fmodules-prune-interval\=86400 -Xcc -fmodules-prune-after\=345600 -package-name cupseasonkit -emit-const-values -const-gather-protocols-list /tmp/club-spread-build/Build/Intermediates.noindex/CupSeasonKit.build/Debug-iphonesimulator/CupSeasonKitTests-p.build/Objects-normal/arm64/CupSeasonKitTests_const_extract_protocols.json -Xcc -I/tmp/club-spread-build/Build/Products/Debug-iphonesimulator/include -Xcc -I/tmp/club-spread-build/Build/Intermediates.noindex/CupSeasonKit.build/Debug-iphonesimulator/CupSeasonKitTests-p.build/DerivedSources-normal/arm64 -Xcc -I/tmp/club-spread-build/Build/Intermediates.noindex/CupSeasonKit.build/Debug-iphonesimulator/CupSeasonKitTests-p.build/DerivedSources/arm64 -Xcc -I/tmp/club-spread-build/Build/Intermediates.noindex/CupSeasonKit.build/Debug-iphonesimulator/CupSeasonKitTests-p.build/DerivedSources -Xcc -DSWIFT_PACKAGE -Xcc -DDEBUG\=1 -working-directory /tmp/cup-season-compete-identity-plan/apps/ios/CupSeason.xcodeproj -experimental-emit-module-separately -disable-cmo

Ld /tmp/club-spread-build/Build/Products/Debug-iphonesimulator/CupSeasonKitTests.xctest/CupSeasonKitTests normal (in target 'CupSeasonKitTests-product' from project 'CupSeasonKit')
    cd /tmp/cup-season-compete-identity-plan/apps/ios/Packages/CupSeasonKit
    /Applications/Xcode.app/Contents/Developer/Toolchains/XcodeDefault.xctoolchain/usr/bin/swiftc -Xlinker -reproducible -target arm64-apple-ios17.0-simulator -Xlinker -bundle -sdk /Applications/Xcode.app/Contents/Developer/Platforms/iPhoneSimulator.platform/Developer/SDKs/iPhoneSimulator27.0.sdk -Xlinker -no_warn_duplicate_libraries -L/tmp/club-spread-build/Build/Intermediates.noindex/EagerLinkingTBDs/Debug-iphonesimulator -L/tmp/club-spread-build/Build/Products/Debug-iphonesimulator -L/Applications/Xcode.app/Contents/Developer/Platforms/iPhoneSimulator.platform/Developer/usr/lib -F/tmp/club-spread-build/Build/Intermediates.noindex/EagerLinkingTBDs/Debug-iphonesimulator -F/tmp/club-spread-build/Build/Products/Debug-iphonesimulator/PackageFrameworks -F/tmp/club-spread-build/Build/Products/Debug-iphonesimulator -Fsystem /Applications/Xcode.app/Contents/Developer/Platforms/iPhoneSimulator.platform/Developer/Library/Frameworks -Fsystem /Applications/Xcode.app/Contents/Developer/Platforms/iPhoneSimulator.platform/Developer/SDKs/iPhoneSimulator27.0.sdk/Developer/Library/Frameworks @/tmp/club-spread-build/Build/Intermediates.noindex/CupSeasonKit.build/Debug-iphonesimulator/CupSeasonKitTests-p.build/Objects-normal/arm64/CupSeasonKitTests.LinkFileList -Xlinker -rpath -Xlinker /usr/lib/swift -Xlinker -rpath -Xlinker @loader_path -Xlinker -rpath -Xlinker /tmp/club-spread-build/Build/Products/Debug-iphonesimulator/PackageFrameworks -Xlinker -rpath -Xlinker @loader_path/../.. -Xlinker -rpath -Xlinker @loader_path/Frameworks -Xlinker -rpath -Xlinker @loader_path/../Frameworks -Xlinker -dead_strip -Xlinker -object_path_lto -Xlinker /tmp/club-spread-build/Build/Intermediates.noindex/CupSeasonKit.build/Debug-iphonesimulator/CupSeasonKitTests-p.build/Objects-normal/arm64/CupSeasonKitTests_lto.o -Xclang-linker -rdynamic -Xlinker -no_deduplicate -Xlinker -objc_abi_version -Xlinker 2 -Xlinker -dependency_info -Xlinker /tmp/club-spread-build/Build/Intermediates.noindex/CupSeasonKit.build/Debug-iphonesimulator/CupSeasonKitTests-p.build/Objects-normal/arm64/CupSeasonKitTests_dependency_info.dat -link-objc-runtime -L/Applications/Xcode.app/Contents/Developer/Toolchains/XcodeDefault.xctoolchain/usr/lib/swift/iphonesimulator -L/usr/lib/swift -Xlinker -add_ast_path -Xlinker /tmp/club-spread-build/Build/Intermediates.noindex/CupSeasonKit.build/Debug-iphonesimulator/CupSeasonKitTests-p.build/Objects-normal/arm64/CupSeasonKitTests.swiftmodule -Xlinker -needed_framework -Xlinker XCTest -framework XCTest -Xlinker -needed-lXCTestSwiftSupport -lXCTestSwiftSupport -Xlinker -no_adhoc_codesign -o /tmp/club-spread-build/Build/Products/Debug-iphonesimulator/CupSeasonKitTests.xctest/CupSeasonKitTests -no-stdlib-rpath

SwiftEmitModule normal arm64 Emitting\ module\ for\ CupSeason (in target 'CupSeason' from project 'CupSeason')

SwiftCompile normal arm64 (in target 'CupSeason' from project 'CupSeason')
    cd /tmp/cup-season-compete-identity-plan/apps/ios
    

SwiftCompile normal arm64 Compiling\ AfterGolfAnswers.swift,\ AlbumScreen.swift,\ AppDelegate.swift,\ ApplauseControl.swift,\ BagPage.swift,\ BagSheet.swift,\ BetweenRoundsWidgetView.swift,\ BoardRows.swift,\ BoardScreen.swift,\ BoardSheets.swift,\ BoardSupport.swift,\ BrandRecordCard.swift,\ BuddyRequests.swift,\ CSRoundActivity.swift,\ CalloutRoomView.swift,\ CardAndSettingsScreen.swift,\ CardGateView.swift,\ CeremonyFixture.swift,\ ClubSpreadFixture.swift,\ CommentSafetyRow.swift /tmp/cup-season-compete-identity-plan/apps/ios/CupSeason/Home/AfterGolfAnswers.swift /tmp/cup-season-compete-identity-plan/apps/ios/CupSeason/Rounds/AlbumScreen.swift /tmp/cup-season-compete-identity-plan/apps/ios/CupSeason/AppDelegate.swift /tmp/cup-season-compete-identity-plan/apps/ios/CupSeason/Board/ApplauseControl.swift /tmp/cup-season-compete-identity-plan/apps/ios/CupSeason/Golfers/BagPage.swift /tmp/cup-season-compete-identity-plan/apps/ios/CupSeason/You/BagSheet.swift /tmp/cup-season-compete-identity-plan/apps/ios/CupSeason/Widgets/BetweenRoundsWidgetView.swift /tmp/cup-season-compete-identity-plan/apps/ios/CupSeason/Board/BoardRows.swift /tmp/cup-season-compete-identity-plan/apps/ios/CupSeason/Board/BoardScreen.swift /tmp/cup-season-compete-identity-plan/apps/ios/CupSeason/Board/BoardSheets.swift /tmp/cup-season-compete-identity-plan/apps/ios/CupSeason/Board/BoardSupport.swift /tmp/cup-season-compete-identity-plan/apps/ios/CupSeason/Post/BrandRecordCard.swift /tmp/cup-season-compete-identity-plan/apps/ios/CupSeason/People/BuddyRequests.swift /tmp/cup-season-compete-identity-plan/apps/ios/CupSeason/Live/CSRoundActivity.swift /tmp/cup-season-compete-identity-plan/apps/ios/CupSeason/Events/CalloutRoomView.swift /tmp/cup-season-compete-identity-plan/apps/ios/CupSeason/Settings/CardAndSettingsScreen.swift /tmp/cup-season-compete-identity-plan/apps/ios/CupSeason/Onboarding/CardGateView.swift /tmp/cup-season-compete-identity-plan/apps/ios/CupSeason/Dev/CeremonyFixture.swift /tmp/cup-season-compete-identity-plan/apps/ios/CupSeason/Dev/ClubSpreadFixture.swift /tmp/cup-season-compete-identity-plan/apps/ios/CupSeason/People/CommentSafetyRow.swift (in target 'CupSeason' from project 'CupSeason')
/tmp/cup-season-compete-identity-plan/apps/ios/CupSeason/Settings/CardAndSettingsScreen.swift:441:31: warning: main actor-isolated property 'photoBusy' can not be referenced from a Sendable closure
208 |   /// the status line's scroll anchor
209 |   static let statusID = "card.status"
210 |   var photoBusy = false
    |       `- note: property declared here
211 |   var indexBusy = false
212 | 
    :
439 |         HStack(spacing: 10) {
440 |           PhotosPicker(selection: $pick, matching: .images) {
441 |             MiniPill(text: vm.photoBusy ? "Uploading…" : (vm.avatar == nil ? "Add a photo" : "Change photo"))
    |                               `- warning: main actor-isolated property 'photoBusy' can not be referenced from a Sendable closure
442 |           }
443 |           .disabled(vm.photoBusy)

/tmp/cup-season-compete-identity-plan/apps/ios/CupSeason/Settings/CardAndSettingsScreen.swift:441:28: warning: main actor-isolated property 'vm' can not be referenced from a Sendable closure
370 |   @Environment(\.toast) private var toast
371 |   @Environment(\.dynamicTypeSize) private var typeSize
372 |   @Bindable var vm: CardSettingsModel
    |                 `- note: property declared here
373 |   /// Y-30 · the field to land on when the pane opens, if any. A BINDING: the
374 |   /// pane clears it once it has landed, so coming back never grabs the field
    :
439 |         HStack(spacing: 10) {
440 |           PhotosPicker(selection: $pick, matching: .images) {
441 |             MiniPill(text: vm.photoBusy ? "Uploading…" : (vm.avatar == nil ? "Add a photo" : "Change photo"))
    |                            `- warning: main actor-isolated property 'vm' can not be referenced from a Sendable closure
442 |           }
443 |           .disabled(vm.photoBusy)

/tmp/cup-season-compete-identity-plan/apps/ios/CupSeason/Settings/CardAndSettingsScreen.swift:441:64: warning: main actor-isolated property 'avatar' can not be referenced from a Sendable closure
175 |   var userId: UUID?
176 |   var profile: ProfileRow?
177 |   var avatar: URL?
    |       `- note: property declared here
178 |   var leagues: [ProfileRepository.LeagueRow] = []
179 | 
    :
439 |         HStack(spacing: 10) {
440 |           PhotosPicker(selection: $pick, matching: .images) {
441 |             MiniPill(text: vm.photoBusy ? "Uploading…" : (vm.avatar == nil ? "Add a photo" : "Change photo"))
    |                                                              `- warning: main actor-isolated property 'avatar' can not be referenced from a Sendable closure
442 |           }
443 |           .disabled(vm.photoBusy)

/tmp/cup-season-compete-identity-plan/apps/ios/CupSeason/Settings/CardAndSettingsScreen.swift:441:61: warning: main actor-isolated property 'vm' can not be referenced from a Sendable closure
370 |   @Environment(\.toast) private var toast
371 |   @Environment(\.dynamicTypeSize) private var typeSize
372 |   @Bindable var vm: CardSettingsModel
    |                 `- note: property declared here
373 |   /// Y-30 · the field to land on when the pane opens, if any. A BINDING: the
374 |   /// pane clears it once it has landed, so coming back never grabs the field
    :
439 |         HStack(spacing: 10) {
440 |           PhotosPicker(selection: $pick, matching: .images) {
441 |             MiniPill(text: vm.photoBusy ? "Uploading…" : (vm.avatar == nil ? "Add a photo" : "Change photo"))
    |                                                           `- warning: main actor-isolated property 'vm' can not be referenced from a Sendable closure
442 |           }
443 |           .disabled(vm.photoBusy)

/tmp/cup-season-compete-identity-plan/apps/ios/CupSeason/Dev/ClubSpreadFixture.swift:52:51: warning: left side of nil coalescing operator '??' has non-optional type 'String', so the right side is never used
50 |     }
51 |     model.seed(viewer: .init(id: viewer, displayName: "Jerecho QA", marker: "saguaro", indexCurrent: 12, roundsCount: 9),
52 |       league: .init(id: m.league_id, name: m.name ?? "QA League", code: "LOCAL", phase: m.phase ?? "season", commissioner_id: viewer),
   |                                                   `- warning: left side of nil coalescing operator '??' has non-optional type 'String', so the right side is never used
53 |       settings: .init(league_id: m.league_id, counting_cap: 4, participation_floor: 2, buyin_cents: 0,
54 |                       structure: "solo", finish: "points_table"),

/tmp/cup-season-compete-identity-plan/apps/ios/CupSeason/Dev/ClubSpreadFixture.swift:52:97: warning: left side of nil coalescing operator '??' has non-optional type 'String', so the right side is never used
50 |     }
51 |     model.seed(viewer: .init(id: viewer, displayName: "Jerecho QA", marker: "saguaro", indexCurrent: 12, roundsCount: 9),
52 |       league: .init(id: m.league_id, name: m.name ?? "QA League", code: "LOCAL", phase: m.phase ?? "season", commissioner_id: viewer),
   |                                                                                                 `- warning: left side of nil coalescing operator '??' has non-optional type 'String', so the right side is never used
53 |       settings: .init(league_id: m.league_id, counting_cap: 4, participation_floor: 2, buyin_cents: 0,
54 |                       structure: "solo", finish: "points_table"),

/tmp/cup-season-compete-identity-plan/apps/ios/CupSeason/People/CommentSafetyRow.swift:83:47: warning: result of call to 'call' is unused [#NoUsage]
81 |     do {
82 |       if let reportAction { try await reportAction(reason) }
83 |       else { try await SupabaseService.shared.call(target.report(reason: reason)) }
   |                                               `- warning: result of call to 'call' is unused [#NoUsage]
84 |       reported = true
85 |     } catch { self.error = HumanError.text(error, prefix: "Could not send the report.") }

/tmp/cup-season-compete-identity-plan/apps/ios/CupSeason/People/CommentSafetyRow.swift:92:47: warning: result of call to 'call' is unused [#NoUsage]
90 |     do {
91 |       if let blockAction { try await blockAction() }
92 |       else { try await SupabaseService.shared.call(Rpc.set_mute(p_profile: author, p_on: true)) }
   |                                               `- warning: result of call to 'call' is unused [#NoUsage]
93 |       await refresh(); dismiss()
94 |     } catch { self.error = HumanError.text(error, prefix: "Could not change that.") }

[#NoUsage]: <https://docs.swift.org/compiler/documentation/diagnostics/no-usage>

SwiftCompile normal arm64 /tmp/cup-season-compete-identity-plan/apps/ios/CupSeason/Home/AfterGolfAnswers.swift (in target 'CupSeason' from project 'CupSeason')
    cd /tmp/cup-season-compete-identity-plan/apps/ios
    builtin-SwiftPerFileCompile AfterGolfAnswers.swift

SwiftCompile normal arm64 /tmp/cup-season-compete-identity-plan/apps/ios/CupSeason/Rounds/AlbumScreen.swift (in target 'CupSeason' from project 'CupSeason')
    cd /tmp/cup-season-compete-identity-plan/apps/ios
    builtin-SwiftPerFileCompile AlbumScreen.swift

SwiftCompile normal arm64 /tmp/cup-season-compete-identity-plan/apps/ios/CupSeason/AppDelegate.swift (in target 'CupSeason' from project 'CupSeason')
    cd /tmp/cup-season-compete-identity-plan/apps/ios
    builtin-SwiftPerFileCompile AppDelegate.swift

SwiftCompile normal arm64 /tmp/cup-season-compete-identity-plan/apps/ios/CupSeason/Board/ApplauseControl.swift (in target 'CupSeason' from project 'CupSeason')
    cd /tmp/cup-season-compete-identity-plan/apps/ios
    builtin-SwiftPerFileCompile ApplauseControl.swift

SwiftCompile normal arm64 /tmp/cup-season-compete-identity-plan/apps/ios/CupSeason/Golfers/BagPage.swift (in target 'CupSeason' from project 'CupSeason')
    cd /tmp/cup-season-compete-identity-plan/apps/ios
    builtin-SwiftPerFileCompile BagPage.swift

SwiftCompile normal arm64 /tmp/cup-season-compete-identity-plan/apps/ios/CupSeason/You/BagSheet.swift (in target 'CupSeason' from project 'CupSeason')
    cd /tmp/cup-season-compete-identity-plan/apps/ios
    builtin-SwiftPerFileCompile BagSheet.swift

SwiftCompile normal arm64 /tmp/cup-season-compete-identity-plan/apps/ios/CupSeason/Widgets/BetweenRoundsWidgetView.swift (in target 'CupSeason' from project 'CupSeason')
    cd /tmp/cup-season-compete-identity-plan/apps/ios
    builtin-SwiftPerFileCompile BetweenRoundsWidgetView.swift

SwiftCompile normal arm64 /tmp/cup-season-compete-identity-plan/apps/ios/CupSeason/Board/BoardRows.swift (in target 'CupSeason' from project 'CupSeason')
    cd /tmp/cup-season-compete-identity-plan/apps/ios
    builtin-SwiftPerFileCompile BoardRows.swift

SwiftCompile normal arm64 /tmp/cup-season-compete-identity-plan/apps/ios/CupSeason/Board/BoardScreen.swift (in target 'CupSeason' from project 'CupSeason')
    cd /tmp/cup-season-compete-identity-plan/apps/ios
    builtin-SwiftPerFileCompile BoardScreen.swift

SwiftCompile normal arm64 /tmp/cup-season-compete-identity-plan/apps/ios/CupSeason/Board/BoardSheets.swift (in target 'CupSeason' from project 'CupSeason')
    cd /tmp/cup-season-compete-identity-plan/apps/ios
    builtin-SwiftPerFileCompile BoardSheets.swift

SwiftCompile normal arm64 /tmp/cup-season-compete-identity-plan/apps/ios/CupSeason/Board/BoardSupport.swift (in target 'CupSeason' from project 'CupSeason')
    cd /tmp/cup-season-compete-identity-plan/apps/ios
    builtin-SwiftPerFileCompile BoardSupport.swift

SwiftCompile normal arm64 /tmp/cup-season-compete-identity-plan/apps/ios/CupSeason/Post/BrandRecordCard.swift (in target 'CupSeason' from project 'CupSeason')
    cd /tmp/cup-season-compete-identity-plan/apps/ios
    builtin-SwiftPerFileCompile BrandRecordCard.swift

SwiftCompile normal arm64 /tmp/cup-season-compete-identity-plan/apps/ios/CupSeason/People/BuddyRequests.swift (in target 'CupSeason' from project 'CupSeason')
    cd /tmp/cup-season-compete-identity-plan/apps/ios
    builtin-SwiftPerFileCompile BuddyRequests.swift

SwiftCompile normal arm64 /tmp/cup-season-compete-identity-plan/apps/ios/CupSeason/Live/CSRoundActivity.swift (in target 'CupSeason' from project 'CupSeason')
    cd /tmp/cup-season-compete-identity-plan/apps/ios
    builtin-SwiftPerFileCompile CSRoundActivity.swift

SwiftCompile normal arm64 /tmp/cup-season-compete-identity-plan/apps/ios/CupSeason/Events/CalloutRoomView.swift (in target 'CupSeason' from project 'CupSeason')
    cd /tmp/cup-season-compete-identity-plan/apps/ios
    builtin-SwiftPerFileCompile CalloutRoomView.swift

SwiftCompile normal arm64 /tmp/cup-season-compete-identity-plan/apps/ios/CupSeason/Settings/CardAndSettingsScreen.swift (in target 'CupSeason' from project 'CupSeason')
    cd /tmp/cup-season-compete-identity-plan/apps/ios
    builtin-SwiftPerFileCompile CardAndSettingsScreen.swift

SwiftCompile normal arm64 /tmp/cup-season-compete-identity-plan/apps/ios/CupSeason/Onboarding/CardGateView.swift (in target 'CupSeason' from project 'CupSeason')
    cd /tmp/cup-season-compete-identity-plan/apps/ios
    builtin-SwiftPerFileCompile CardGateView.swift

SwiftCompile normal arm64 /tmp/cup-season-compete-identity-plan/apps/ios/CupSeason/Dev/CeremonyFixture.swift (in target 'CupSeason' from project 'CupSeason')
    cd /tmp/cup-season-compete-identity-plan/apps/ios
    builtin-SwiftPerFileCompile CeremonyFixture.swift

SwiftCompile normal arm64 /tmp/cup-season-compete-identity-plan/apps/ios/CupSeason/Dev/ClubSpreadFixture.swift (in target 'CupSeason' from project 'CupSeason')
    cd /tmp/cup-season-compete-identity-plan/apps/ios
    builtin-SwiftPerFileCompile ClubSpreadFixture.swift

SwiftCompile normal arm64 /tmp/cup-season-compete-identity-plan/apps/ios/CupSeason/People/CommentSafetyRow.swift (in target 'CupSeason' from project 'CupSeason')
    cd /tmp/cup-season-compete-identity-plan/apps/ios
    builtin-SwiftPerFileCompile CommentSafetyRow.swift

SwiftCompile normal arm64 Compiling\ LiveActivityRoute.swift,\ LiveActivityScoring.swift,\ LiveCardView.swift,\ LiveFinishViews.swift,\ LiveHoleMoment.swift,\ LiveIslandReviewFixture.swift,\ LiveMatchActivityView.swift,\ LiveNowBar.swift,\ LivePlayView.swift,\ LiveRoundHost.swift,\ LiveRoundStore.swift,\ LiveScoreIntent.swift,\ LiveSetupView.swift,\ LookRows.swift,\ MainTabView.swift,\ MajorJugCard.swift,\ MajorRoomView.swift,\ MajorSetupSheet.swift,\ MatchProgrammeFixture.swift,\ MembersSheet.swift /tmp/cup-season-compete-identity-plan/apps/ios/CupSeason/Live/LiveActivityRoute.swift /tmp/cup-season-compete-identity-plan/apps/ios/CupSeason/Live/LiveActivityScoring.swift /tmp/cup-season-compete-identity-plan/apps/ios/CupSeason/Live/LiveCardView.swift /tmp/cup-season-compete-identity-plan/apps/ios/CupSeason/Live/LiveFinishViews.swift /tmp/cup-season-compete-identity-plan/apps/ios/CupSeason/Live/LiveHoleMoment.swift /tmp/cup-season-compete-identity-plan/apps/ios/CupSeason/Widgets/LiveIslandReviewFixture.swift /tmp/cup-season-compete-identity-plan/apps/ios/CupSeason/Widgets/LiveMatchActivityView.swift /tmp/cup-season-compete-identity-plan/apps/ios/CupSeason/Live/LiveNowBar.swift /tmp/cup-season-compete-identity-plan/apps/ios/CupSeason/Live/LivePlayView.swift /tmp/cup-season-compete-identity-plan/apps/ios/CupSeason/Live/LiveRoundHost.swift /tmp/cup-season-compete-identity-plan/apps/ios/CupSeason/Live/LiveRoundStore.swift /tmp/cup-season-compete-identity-plan/apps/ios/CupSeason/Widgets/LiveScoreIntent.swift /tmp/cup-season-compete-identity-plan/apps/ios/CupSeason/Live/LiveSetupView.swift /tmp/cup-season-compete-identity-plan/apps/ios/CupSeason/Looks/LookRows.swift /tmp/cup-season-compete-identity-plan/apps/ios/CupSeason/Main/MainTabView.swift /tmp/cup-season-compete-identity-plan/apps/ios/CupSeason/Events/MajorJugCard.swift /tmp/cup-season-compete-identity-plan/apps/ios/CupSeason/Events/MajorRoomView.swift /tmp/cup-season-compete-identity-plan/apps/ios/CupSeason/Events/MajorSetupSheet.swift /tmp/cup-season-compete-identity-plan/apps/ios/CupSeason/Dev/MatchProgrammeFixture.swift /tmp/cup-season-compete-identity-plan/apps/ios/CupSeason/League/MembersSheet.swift (in target 'CupSeason' from project 'CupSeason')

SwiftCompile normal arm64 /tmp/cup-season-compete-identity-plan/apps/ios/CupSeason/Live/LiveActivityRoute.swift (in target 'CupSeason' from project 'CupSeason')
    cd /tmp/cup-season-compete-identity-plan/apps/ios
    builtin-SwiftPerFileCompile LiveActivityRoute.swift

SwiftCompile normal arm64 /tmp/cup-season-compete-identity-plan/apps/ios/CupSeason/Live/LiveActivityScoring.swift (in target 'CupSeason' from project 'CupSeason')
    cd /tmp/cup-season-compete-identity-plan/apps/ios
    builtin-SwiftPerFileCompile LiveActivityScoring.swift

SwiftCompile normal arm64 /tmp/cup-season-compete-identity-plan/apps/ios/CupSeason/Live/LiveCardView.swift (in target 'CupSeason' from project 'CupSeason')
    cd /tmp/cup-season-compete-identity-plan/apps/ios
    builtin-SwiftPerFileCompile LiveCardView.swift

SwiftCompile normal arm64 /tmp/cup-season-compete-identity-plan/apps/ios/CupSeason/Live/LiveFinishViews.swift (in target 'CupSeason' from project 'CupSeason')
    cd /tmp/cup-season-compete-identity-plan/apps/ios
    builtin-SwiftPerFileCompile LiveFinishViews.swift

SwiftCompile normal arm64 /tmp/cup-season-compete-identity-plan/apps/ios/CupSeason/Live/LiveHoleMoment.swift (in target 'CupSeason' from project 'CupSeason')
    cd /tmp/cup-season-compete-identity-plan/apps/ios
    builtin-SwiftPerFileCompile LiveHoleMoment.swift

SwiftCompile normal arm64 /tmp/cup-season-compete-identity-plan/apps/ios/CupSeason/Widgets/LiveIslandReviewFixture.swift (in target 'CupSeason' from project 'CupSeason')
    cd /tmp/cup-season-compete-identity-plan/apps/ios
    builtin-SwiftPerFileCompile LiveIslandReviewFixture.swift

SwiftCompile normal arm64 /tmp/cup-season-compete-identity-plan/apps/ios/CupSeason/Widgets/LiveMatchActivityView.swift (in target 'CupSeason' from project 'CupSeason')
    cd /tmp/cup-season-compete-identity-plan/apps/ios
    builtin-SwiftPerFileCompile LiveMatchActivityView.swift

SwiftCompile normal arm64 /tmp/cup-season-compete-identity-plan/apps/ios/CupSeason/Live/LiveNowBar.swift (in target 'CupSeason' from project 'CupSeason')
    cd /tmp/cup-season-compete-identity-plan/apps/ios
    builtin-SwiftPerFileCompile LiveNowBar.swift

SwiftCompile normal arm64 /tmp/cup-season-compete-identity-plan/apps/ios/CupSeason/Live/LivePlayView.swift (in target 'CupSeason' from project 'CupSeason')
    cd /tmp/cup-season-compete-identity-plan/apps/ios
    builtin-SwiftPerFileCompile LivePlayView.swift

SwiftCompile normal arm64 /tmp/cup-season-compete-identity-plan/apps/ios/CupSeason/Live/LiveRoundHost.swift (in target 'CupSeason' from project 'CupSeason')
    cd /tmp/cup-season-compete-identity-plan/apps/ios
    builtin-SwiftPerFileCompile LiveRoundHost.swift

SwiftCompile normal arm64 /tmp/cup-season-compete-identity-plan/apps/ios/CupSeason/Live/LiveRoundStore.swift (in target 'CupSeason' from project 'CupSeason')
    cd /tmp/cup-season-compete-identity-plan/apps/ios
    builtin-SwiftPerFileCompile LiveRoundStore.swift

SwiftCompile normal arm64 /tmp/cup-season-compete-identity-plan/apps/ios/CupSeason/Widgets/LiveScoreIntent.swift (in target 'CupSeason' from project 'CupSeason')
    cd /tmp/cup-season-compete-identity-plan/apps/ios
    builtin-SwiftPerFileCompile LiveScoreIntent.swift

SwiftCompile normal arm64 /tmp/cup-season-compete-identity-plan/apps/ios/CupSeason/Live/LiveSetupView.swift (in target 'CupSeason' from project 'CupSeason')
    cd /tmp/cup-season-compete-identity-plan/apps/ios
    builtin-SwiftPerFileCompile LiveSetupView.swift

SwiftCompile normal arm64 /tmp/cup-season-compete-identity-plan/apps/ios/CupSeason/Looks/LookRows.swift (in target 'CupSeason' from project 'CupSeason')
    cd /tmp/cup-season-compete-identity-plan/apps/ios
    builtin-SwiftPerFileCompile LookRows.swift

SwiftCompile normal arm64 /tmp/cup-season-compete-identity-plan/apps/ios/CupSeason/Main/MainTabView.swift (in target 'CupSeason' from project 'CupSeason')
    cd /tmp/cup-season-compete-identity-plan/apps/ios
    builtin-SwiftPerFileCompile MainTabView.swift

SwiftCompile normal arm64 /tmp/cup-season-compete-identity-plan/apps/ios/CupSeason/Events/MajorJugCard.swift (in target 'CupSeason' from project 'CupSeason')
    cd /tmp/cup-season-compete-identity-plan/apps/ios
    builtin-SwiftPerFileCompile MajorJugCard.swift

SwiftCompile normal arm64 /tmp/cup-season-compete-identity-plan/apps/ios/CupSeason/Events/MajorRoomView.swift (in target 'CupSeason' from project 'CupSeason')
    cd /tmp/cup-season-compete-identity-plan/apps/ios
    builtin-SwiftPerFileCompile MajorRoomView.swift

SwiftCompile normal arm64 /tmp/cup-season-compete-identity-plan/apps/ios/CupSeason/Events/MajorSetupSheet.swift (in target 'CupSeason' from project 'CupSeason')
    cd /tmp/cup-season-compete-identity-plan/apps/ios
    builtin-SwiftPerFileCompile MajorSetupSheet.swift

SwiftCompile normal arm64 /tmp/cup-season-compete-identity-plan/apps/ios/CupSeason/Dev/MatchProgrammeFixture.swift (in target 'CupSeason' from project 'CupSeason')
    cd /tmp/cup-season-compete-identity-plan/apps/ios
    builtin-SwiftPerFileCompile MatchProgrammeFixture.swift

SwiftCompile normal arm64 /tmp/cup-season-compete-identity-plan/apps/ios/CupSeason/League/MembersSheet.swift (in target 'CupSeason' from project 'CupSeason')
    cd /tmp/cup-season-compete-identity-plan/apps/ios
    builtin-SwiftPerFileCompile MembersSheet.swift

SwiftCompile normal arm64 Compiling\ GuideSheets.swift,\ HeadToHeadPage.swift,\ HomeFacts.swift,\ HomeLead.swift,\ HomeNoPhotoFixture.swift,\ HomePhotoProbe.swift,\ HomePhotos.swift,\ HomeView.swift,\ HomeWire.swift,\ IntentSheet.swift,\ InvitesBanner.swift,\ JoinLeagueFlow.swift,\ LaunchSheetFixture.swift,\ LeagueIdentityEditor.swift,\ LeagueIdentityViews.swift,\ LeaguelessDoors.swift,\ LengthStep.swift,\ LinkConfirmationSheet.swift,\ Links.swift,\ LiveActivityHost.swift /tmp/cup-season-compete-identity-plan/apps/ios/CupSeason/You/GuideSheets.swift /tmp/cup-season-compete-identity-plan/apps/ios/CupSeason/Golfers/HeadToHeadPage.swift /tmp/cup-season-compete-identity-plan/apps/ios/CupSeason/Home/HomeFacts.swift /tmp/cup-season-compete-identity-plan/apps/ios/CupSeason/Home/HomeLead.swift /tmp/cup-season-compete-identity-plan/apps/ios/CupSeason/Dev/HomeNoPhotoFixture.swift /tmp/cup-season-compete-identity-plan/apps/ios/CupSeason/Dev/HomePhotoProbe.swift /tmp/cup-season-compete-identity-plan/apps/ios/CupSeason/Home/HomePhotos.swift /tmp/cup-season-compete-identity-plan/apps/ios/CupSeason/Home/HomeView.swift /tmp/cup-season-compete-identity-plan/apps/ios/CupSeason/Home/HomeWire.swift /tmp/cup-season-compete-identity-plan/apps/ios/CupSeason/Compete/IntentSheet.swift /tmp/cup-season-compete-identity-plan/apps/ios/CupSeason/People/InvitesBanner.swift /tmp/cup-season-compete-identity-plan/apps/ios/CupSeason/People/JoinLeagueFlow.swift /tmp/cup-season-compete-identity-plan/apps/ios/CupSeason/League/LaunchSheetFixture.swift /tmp/cup-season-compete-identity-plan/apps/ios/CupSeason/League/LeagueIdentityEditor.swift /tmp/cup-season-compete-identity-plan/apps/ios/CupSeason/League/LeagueIdentityViews.swift /tmp/cup-season-compete-identity-plan/apps/ios/CupSeason/Wizard/LeaguelessDoors.swift /tmp/cup-season-compete-identity-plan/apps/ios/CupSeason/Compete/LengthStep.swift /tmp/cup-season-compete-identity-plan/apps/ios/CupSeason/People/LinkConfirmationSheet.swift /tmp/cup-season-compete-identity-plan/apps/ios/CupSeason/People/Links.swift /tmp/cup-season-compete-identity-plan/apps/ios/CupSeason/Live/LiveActivityHost.swift (in target 'CupSeason' from project 'CupSeason')
/tmp/cup-season-compete-identity-plan/apps/ios/CupSeason/League/LeagueIdentityEditor.swift:57:19: warning: main actor-isolated property 'hasImage' can not be referenced from a Sendable closure
 36 |     description != originalDescription || kind != originalKind || image != nil || removed
 37 |   }
 38 |   private var hasImage: Bool { image != nil || (!removed && identities.identities[leagueID]?.image_path != nil) }
    |               `- note: property declared here
 39 |   private var descriptionLength: Int { description.unicodeScalars.count }
 40 | 
    :
 55 |           }.pickerStyle(.segmented)
 56 |           PhotosPicker(selection: $selection, matching: .images) {
 57 |             Label(hasImage ? "Replace from Photos" : "Choose from Photos", systemImage: "photo")
    |                   `- warning: main actor-isolated property 'hasImage' can not be referenced from a Sendable closure
 58 |               .frame(minHeight: 44)
 59 |           }.accessibilityIdentifier("league.identity.photos")

SwiftCompile normal arm64 /tmp/cup-season-compete-identity-plan/apps/ios/CupSeason/You/GuideSheets.swift (in target 'CupSeason' from project 'CupSeason')
    cd /tmp/cup-season-compete-identity-plan/apps/ios
    builtin-SwiftPerFileCompile GuideSheets.swift

SwiftCompile normal arm64 /tmp/cup-season-compete-identity-plan/apps/ios/CupSeason/Golfers/HeadToHeadPage.swift (in target 'CupSeason' from project 'CupSeason')
    cd /tmp/cup-season-compete-identity-plan/apps/ios
    builtin-SwiftPerFileCompile HeadToHeadPage.swift

SwiftCompile normal arm64 /tmp/cup-season-compete-identity-plan/apps/ios/CupSeason/Home/HomeFacts.swift (in target 'CupSeason' from project 'CupSeason')
    cd /tmp/cup-season-compete-identity-plan/apps/ios
    builtin-SwiftPerFileCompile HomeFacts.swift

SwiftCompile normal arm64 /tmp/cup-season-compete-identity-plan/apps/ios/CupSeason/Home/HomeLead.swift (in target 'CupSeason' from project 'CupSeason')
    cd /tmp/cup-season-compete-identity-plan/apps/ios
    builtin-SwiftPerFileCompile HomeLead.swift

SwiftCompile normal arm64 /tmp/cup-season-compete-identity-plan/apps/ios/CupSeason/Dev/HomeNoPhotoFixture.swift (in target 'CupSeason' from project 'CupSeason')
    cd /tmp/cup-season-compete-identity-plan/apps/ios
    builtin-SwiftPerFileCompile HomeNoPhotoFixture.swift

SwiftCompile normal arm64 /tmp/cup-season-compete-identity-plan/apps/ios/CupSeason/Dev/HomePhotoProbe.swift (in target 'CupSeason' from project 'CupSeason')
    cd /tmp/cup-season-compete-identity-plan/apps/ios
    builtin-SwiftPerFileCompile HomePhotoProbe.swift

SwiftCompile normal arm64 /tmp/cup-season-compete-identity-plan/apps/ios/CupSeason/Home/HomePhotos.swift (in target 'CupSeason' from project 'CupSeason')
    cd /tmp/cup-season-compete-identity-plan/apps/ios
    builtin-SwiftPerFileCompile HomePhotos.swift

SwiftCompile normal arm64 /tmp/cup-season-compete-identity-plan/apps/ios/CupSeason/Home/HomeView.swift (in target 'CupSeason' from project 'CupSeason')
    cd /tmp/cup-season-compete-identity-plan/apps/ios
    builtin-SwiftPerFileCompile HomeView.swift

SwiftCompile normal arm64 /tmp/cup-season-compete-identity-plan/apps/ios/CupSeason/Home/HomeWire.swift (in target 'CupSeason' from project 'CupSeason')
    cd /tmp/cup-season-compete-identity-plan/apps/ios
    builtin-SwiftPerFileCompile HomeWire.swift

SwiftCompile normal arm64 /tmp/cup-season-compete-identity-plan/apps/ios/CupSeason/Compete/IntentSheet.swift (in target 'CupSeason' from project 'CupSeason')
    cd /tmp/cup-season-compete-identity-plan/apps/ios
    builtin-SwiftPerFileCompile IntentSheet.swift

SwiftCompile normal arm64 /tmp/cup-season-compete-identity-plan/apps/ios/CupSeason/People/InvitesBanner.swift (in target 'CupSeason' from project 'CupSeason')
    cd /tmp/cup-season-compete-identity-plan/apps/ios
    builtin-SwiftPerFileCompile InvitesBanner.swift

SwiftCompile normal arm64 /tmp/cup-season-compete-identity-plan/apps/ios/CupSeason/People/JoinLeagueFlow.swift (in target 'CupSeason' from project 'CupSeason')
    cd /tmp/cup-season-compete-identity-plan/apps/ios
    builtin-SwiftPerFileCompile JoinLeagueFlow.swift

SwiftCompile normal arm64 /tmp/cup-season-compete-identity-plan/apps/ios/CupSeason/League/LaunchSheetFixture.swift (in target 'CupSeason' from project 'CupSeason')
    cd /tmp/cup-season-compete-identity-plan/apps/ios
    builtin-SwiftPerFileCompile LaunchSheetFixture.swift

SwiftCompile normal arm64 /tmp/cup-season-compete-identity-plan/apps/ios/CupSeason/League/LeagueIdentityEditor.swift (in target 'CupSeason' from project 'CupSeason')
    cd /tmp/cup-season-compete-identity-plan/apps/ios
    builtin-SwiftPerFileCompile LeagueIdentityEditor.swift

SwiftCompile normal arm64 /tmp/cup-season-compete-identity-plan/apps/ios/CupSeason/League/LeagueIdentityViews.swift (in target 'CupSeason' from project 'CupSeason')
    cd /tmp/cup-season-compete-identity-plan/apps/ios
    builtin-SwiftPerFileCompile LeagueIdentityViews.swift

SwiftCompile normal arm64 /tmp/cup-season-compete-identity-plan/apps/ios/CupSeason/Wizard/LeaguelessDoors.swift (in target 'CupSeason' from project 'CupSeason')
    cd /tmp/cup-season-compete-identity-plan/apps/ios
    builtin-SwiftPerFileCompile LeaguelessDoors.swift

SwiftCompile normal arm64 /tmp/cup-season-compete-identity-plan/apps/ios/CupSeason/Compete/LengthStep.swift (in target 'CupSeason' from project 'CupSeason')
    cd /tmp/cup-season-compete-identity-plan/apps/ios
    builtin-SwiftPerFileCompile LengthStep.swift

SwiftCompile normal arm64 /tmp/cup-season-compete-identity-plan/apps/ios/CupSeason/People/LinkConfirmationSheet.swift (in target 'CupSeason' from project 'CupSeason')
    cd /tmp/cup-season-compete-identity-plan/apps/ios
    builtin-SwiftPerFileCompile LinkConfirmationSheet.swift

SwiftCompile normal arm64 /tmp/cup-season-compete-identity-plan/apps/ios/CupSeason/People/Links.swift (in target 'CupSeason' from project 'CupSeason')
    cd /tmp/cup-season-compete-identity-plan/apps/ios
    builtin-SwiftPerFileCompile Links.swift

SwiftCompile normal arm64 /tmp/cup-season-compete-identity-plan/apps/ios/CupSeason/Live/LiveActivityHost.swift (in target 'CupSeason' from project 'CupSeason')
    cd /tmp/cup-season-compete-identity-plan/apps/ios
    builtin-SwiftPerFileCompile LiveActivityHost.swift

SwiftDriverJobDiscovery normal arm64 Emitting module for CupSeasonKitTests (in target 'CupSeasonKitTests-product' from project 'CupSeasonKit')

SwiftDriver\ Compilation\ Requirements CupSeasonKitTests normal arm64 com.apple.xcode.tools.swift.compiler (in target 'CupSeasonKitTests-product' from project 'CupSeasonKit')
    cd /tmp/cup-season-compete-identity-plan/apps/ios/CupSeason.xcodeproj
    builtin-Swift-Compilation-Requirements -- /Applications/Xcode.app/Contents/Developer/Toolchains/XcodeDefault.xctoolchain/usr/bin/swiftc -parse-as-library -module-name CupSeasonKitTests -Onone @/tmp/club-spread-build/Build/Intermediates.noindex/CupSeasonKit.build/Debug-iphonesimulator/CupSeasonKitTests-p.build/Objects-normal/arm64/CupSeasonKitTests.SwiftFileList -DSWIFT_PACKAGE -DDEBUG -DSWIFT_MODULE_RESOURCE_BUNDLE_AVAILABLE -DXcode -plugin-path /Applications/Xcode.app/Contents/Developer/Toolchains/XcodeDefault.xctoolchain/usr/lib/swift/host/plugins/testing -enable-experimental-feature DebugDescriptionMacro -sdk /Applications/Xcode.app/Contents/Developer/Platforms/iPhoneSimulator.platform/Developer/SDKs/iPhoneSimulator27.0.sdk -target arm64-apple-ios17.0-simulator -g -module-cache-path /tmp/club-spread-build/ModuleCache.noindex -Xfrontend -serialize-debugging-options -enable-testing -index-store-path /tmp/club-spread-build/Index.noindex/DataStore -Xcc -D_LIBCPP_HARDENING_MODE\=_LIBCPP_HARDENING_MODE_DEBUG -swift-version 6 -I /tmp/club-spread-build/Build/Products/Debug-iphonesimulator -Isystem /Applications/Xcode.app/Contents/Developer/Platforms/iPhoneSimulator.platform/Developer/usr/lib -F /tmp/club-spread-build/Build/Products/Debug-iphonesimulator/PackageFrameworks -F /tmp/club-spread-build/Build/Products/Debug-iphonesimulator -F /Applications/Xcode.app/Contents/Developer/Platforms/iPhoneSimulator.platform/Developer/Library/Frameworks -F /Applications/Xcode.app/Contents/Developer/Platforms/iPhoneSimulator.platform/Developer/SDKs/iPhoneSimulator27.0.sdk/Developer/Library/Frameworks -c -j10 -enable-batch-mode -incremental -Xcc -ivfsstatcache -Xcc /tmp/club-spread-build/SDKStatCaches.noindex/iphonesimulator27.0-24A430-8dc58220667be655e1bcc261a7455254.sdkstatcache -output-file-map /tmp/club-spread-build/Build/Intermediates.noindex/CupSeasonKit.build/Debug-iphonesimulator/CupSeasonKitTests-p.build/Objects-normal/arm64/CupSeasonKitTests-OutputFileMap.json -save-temps -no-color-diagnostics -explicit-module-build -module-cache-path /tmp/club-spread-build/Build/Intermediates.noindex/SwiftExplicitPrecompiledModules -clang-scanner-module-cache-path /tmp/club-spread-build/ModuleCache.noindex -sdk-module-cache-path /tmp/club-spread-build/SDKExplicitPrecompiledModules -emit-dependencies -emit-module -emit-module-path /tmp/club-spread-build/Build/Intermediates.noindex/CupSeasonKit.build/Debug-iphonesimulator/CupSeasonKitTests-p.build/Objects-normal/arm64/CupSeasonKitTests.swiftmodule -serialize-diagnostics -dependency-scan-serialize-diagnostics-path /tmp/club-spread-build/Build/Intermediates.noindex/CupSeasonKit.build/Debug-iphonesimulator/CupSeasonKitTests-p.build/Objects-normal/arm64/CupSeasonKitTests-dependency-scan.dia -validate-clang-modules-once -clang-build-session-file /tmp/club-spread-build/ModuleCache.noindex/Session.modulevalidation -Xcc -fmodules-prune-interval\=86400 -Xcc -fmodules-prune-after\=345600 -package-name cupseasonkit -emit-const-values -const-gather-protocols-list /tmp/club-spread-build/Build/Intermediates.noindex/CupSeasonKit.build/Debug-iphonesimulator/CupSeasonKitTests-p.build/Objects-normal/arm64/CupSeasonKitTests_const_extract_protocols.json -Xcc -I/tmp/club-spread-build/Build/Products/Debug-iphonesimulator/include -Xcc -I/tmp/club-spread-build/Build/Intermediates.noindex/CupSeasonKit.build/Debug-iphonesimulator/CupSeasonKitTests-p.build/DerivedSources-normal/arm64 -Xcc -I/tmp/club-spread-build/Build/Intermediates.noindex/CupSeasonKit.build/Debug-iphonesimulator/CupSeasonKitTests-p.build/DerivedSources/arm64 -Xcc -I/tmp/club-spread-build/Build/Intermediates.noindex/CupSeasonKit.build/Debug-iphonesimulator/CupSeasonKitTests-p.build/DerivedSources -Xcc -DSWIFT_PACKAGE -Xcc -DDEBUG\=1 -working-directory /tmp/cup-season-compete-identity-plan/apps/ios/CupSeason.xcodeproj -experimental-emit-module-separately -disable-cmo

SwiftDriverJobDiscovery normal arm64 Compiling AfterGolfAnswers.swift, AlbumScreen.swift, AppDelegate.swift, ApplauseControl.swift, BagPage.swift, BagSheet.swift, BetweenRoundsWidgetView.swift, BoardRows.swift, BoardScreen.swift, BoardSheets.swift, BoardSupport.swift, BrandRecordCard.swift, BuddyRequests.swift, CSRoundActivity.swift, CalloutRoomView.swift, CardAndSettingsScreen.swift, CardGateView.swift, CeremonyFixture.swift, ClubSpreadFixture.swift, CommentSafetyRow.swift (in target 'CupSeason' from project 'CupSeason')

SwiftCompile normal arm64 Compiling\ PotPassCard.swift,\ Presenter.swift,\ PricingParts.swift,\ PricingPassCard.swift,\ PrivateLinkPasteboard.swift,\ ProfileBlocks.swift,\ ProfileFaceFixture.swift,\ PushActions.swift,\ PushAsk.swift,\ PushDev.swift,\ PushDuelReminder.swift,\ PushRouter.swift,\ RateCourseSheet.swift,\ ReactionBar.swift,\ RecapCardView.swift,\ ReceiptLeaf.swift,\ ReceiptMoment.swift,\ ReceiptPhotoDev.swift,\ ReceiptSheets.swift /tmp/cup-season-compete-identity-plan/apps/ios/CupSeason/Pricing/PotPassCard.swift /tmp/cup-season-compete-identity-plan/apps/ios/CupSeason/Main/Presenter.swift /tmp/cup-season-compete-identity-plan/apps/ios/CupSeason/Pricing/PricingParts.swift /tmp/cup-season-compete-identity-plan/apps/ios/CupSeason/Pricing/PricingPassCard.swift /tmp/cup-season-compete-identity-plan/apps/ios/CupSeason/People/PrivateLinkPasteboard.swift /tmp/cup-season-compete-identity-plan/apps/ios/CupSeason/You/ProfileBlocks.swift /tmp/cup-season-compete-identity-plan/apps/ios/CupSeason/Dev/ProfileFaceFixture.swift /tmp/cup-season-compete-identity-plan/apps/ios/CupSeason/Push/PushActions.swift /tmp/cup-season-compete-identity-plan/apps/ios/CupSeason/Push/PushAsk.swift /tmp/cup-season-compete-identity-plan/apps/ios/CupSeason/Push/PushDev.swift /tmp/cup-season-compete-identity-plan/apps/ios/CupSeason/Push/PushDuelReminder.swift /tmp/cup-season-compete-identity-plan/apps/ios/CupSeason/Push/PushRouter.swift /tmp/cup-season-compete-identity-plan/apps/ios/CupSeason/Courses/RateCourseSheet.swift /tmp/cup-season-compete-identity-plan/apps/ios/CupSeason/Board/ReactionBar.swift /tmp/cup-season-compete-identity-plan/apps/ios/CupSeason/Post/RecapCardView.swift /tmp/cup-season-compete-identity-plan/apps/ios/CupSeason/Rounds/ReceiptLeaf.swift /tmp/cup-season-compete-identity-plan/apps/ios/CupSeason/Rounds/ReceiptMoment.swift /tmp/cup-season-compete-identity-plan/apps/ios/CupSeason/Rounds/ReceiptPhotoDev.swift /tmp/cup-season-compete-identity-plan/apps/ios/CupSeason/League/ReceiptSheets.swift (in target 'CupSeason' from project 'CupSeason')

SwiftCompile normal arm64 /tmp/cup-season-compete-identity-plan/apps/ios/CupSeason/Pricing/PotPassCard.swift (in target 'CupSeason' from project 'CupSeason')
    cd /tmp/cup-season-compete-identity-plan/apps/ios
    builtin-SwiftPerFileCompile PotPassCard.swift

SwiftCompile normal arm64 /tmp/cup-season-compete-identity-plan/apps/ios/CupSeason/Main/Presenter.swift (in target 'CupSeason' from project 'CupSeason')
    cd /tmp/cup-season-compete-identity-plan/apps/ios
    builtin-SwiftPerFileCompile Presenter.swift

SwiftCompile normal arm64 /tmp/cup-season-compete-identity-plan/apps/ios/CupSeason/Pricing/PricingParts.swift (in target 'CupSeason' from project 'CupSeason')
    cd /tmp/cup-season-compete-identity-plan/apps/ios
    builtin-SwiftPerFileCompile PricingParts.swift

SwiftCompile normal arm64 /tmp/cup-season-compete-identity-plan/apps/ios/CupSeason/Pricing/PricingPassCard.swift (in target 'CupSeason' from project 'CupSeason')
    cd /tmp/cup-season-compete-identity-plan/apps/ios
    builtin-SwiftPerFileCompile PricingPassCard.swift

SwiftCompile normal arm64 /tmp/cup-season-compete-identity-plan/apps/ios/CupSeason/People/PrivateLinkPasteboard.swift (in target 'CupSeason' from project 'CupSeason')
    cd /tmp/cup-season-compete-identity-plan/apps/ios
    builtin-SwiftPerFileCompile PrivateLinkPasteboard.swift

SwiftCompile normal arm64 /tmp/cup-season-compete-identity-plan/apps/ios/CupSeason/You/ProfileBlocks.swift (in target 'CupSeason' from project 'CupSeason')
    cd /tmp/cup-season-compete-identity-plan/apps/ios
    builtin-SwiftPerFileCompile ProfileBlocks.swift

SwiftCompile normal arm64 /tmp/cup-season-compete-identity-plan/apps/ios/CupSeason/Dev/ProfileFaceFixture.swift (in target 'CupSeason' from project 'CupSeason')
    cd /tmp/cup-season-compete-identity-plan/apps/ios
    builtin-SwiftPerFileCompile ProfileFaceFixture.swift

SwiftCompile normal arm64 /tmp/cup-season-compete-identity-plan/apps/ios/CupSeason/Push/PushActions.swift (in target 'CupSeason' from project 'CupSeason')
    cd /tmp/cup-season-compete-identity-plan/apps/ios
    builtin-SwiftPerFileCompile PushActions.swift

SwiftCompile normal arm64 /tmp/cup-season-compete-identity-plan/apps/ios/CupSeason/Push/PushAsk.swift (in target 'CupSeason' from project 'CupSeason')
    cd /tmp/cup-season-compete-identity-plan/apps/ios
    builtin-SwiftPerFileCompile PushAsk.swift

SwiftCompile normal arm64 /tmp/cup-season-compete-identity-plan/apps/ios/CupSeason/Push/PushDev.swift (in target 'CupSeason' from project 'CupSeason')
    cd /tmp/cup-season-compete-identity-plan/apps/ios
    builtin-SwiftPerFileCompile PushDev.swift

SwiftCompile normal arm64 /tmp/cup-season-compete-identity-plan/apps/ios/CupSeason/Push/PushDuelReminder.swift (in target 'CupSeason' from project 'CupSeason')
    cd /tmp/cup-season-compete-identity-plan/apps/ios
    builtin-SwiftPerFileCompile PushDuelReminder.swift

SwiftCompile normal arm64 /tmp/cup-season-compete-identity-plan/apps/ios/CupSeason/Push/PushRouter.swift (in target 'CupSeason' from project 'CupSeason')
    cd /tmp/cup-season-compete-identity-plan/apps/ios
    builtin-SwiftPerFileCompile PushRouter.swift

SwiftCompile normal arm64 /tmp/cup-season-compete-identity-plan/apps/ios/CupSeason/Courses/RateCourseSheet.swift (in target 'CupSeason' from project 'CupSeason')
    cd /tmp/cup-season-compete-identity-plan/apps/ios
    builtin-SwiftPerFileCompile RateCourseSheet.swift

SwiftCompile normal arm64 /tmp/cup-season-compete-identity-plan/apps/ios/CupSeason/Board/ReactionBar.swift (in target 'CupSeason' from project 'CupSeason')
    cd /tmp/cup-season-compete-identity-plan/apps/ios
    builtin-SwiftPerFileCompile ReactionBar.swift

SwiftCompile normal arm64 /tmp/cup-season-compete-identity-plan/apps/ios/CupSeason/Post/RecapCardView.swift (in target 'CupSeason' from project 'CupSeason')
    cd /tmp/cup-season-compete-identity-plan/apps/ios
    builtin-SwiftPerFileCompile RecapCardView.swift

SwiftCompile normal arm64 /tmp/cup-season-compete-identity-plan/apps/ios/CupSeason/Rounds/ReceiptLeaf.swift (in target 'CupSeason' from project 'CupSeason')
    cd /tmp/cup-season-compete-identity-plan/apps/ios
    builtin-SwiftPerFileCompile ReceiptLeaf.swift

SwiftCompile normal arm64 /tmp/cup-season-compete-identity-plan/apps/ios/CupSeason/Rounds/ReceiptMoment.swift (in target 'CupSeason' from project 'CupSeason')
    cd /tmp/cup-season-compete-identity-plan/apps/ios
    builtin-SwiftPerFileCompile ReceiptMoment.swift

SwiftCompile normal arm64 /tmp/cup-season-compete-identity-plan/apps/ios/CupSeason/Rounds/ReceiptPhotoDev.swift (in target 'CupSeason' from project 'CupSeason')
    cd /tmp/cup-season-compete-identity-plan/apps/ios
    builtin-SwiftPerFileCompile ReceiptPhotoDev.swift

SwiftCompile normal arm64 /tmp/cup-season-compete-identity-plan/apps/ios/CupSeason/League/ReceiptSheets.swift (in target 'CupSeason' from project 'CupSeason')
    cd /tmp/cup-season-compete-identity-plan/apps/ios
    builtin-SwiftPerFileCompile ReceiptSheets.swift

Copy /tmp/club-spread-build/Build/Products/Debug-iphonesimulator/CupSeasonKitTests.swiftmodule/arm64-apple-ios-simulator.abi.json /tmp/club-spread-build/Build/Intermediates.noindex/CupSeasonKit.build/Debug-iphonesimulator/CupSeasonKitTests-p.build/Objects-normal/arm64/CupSeasonKitTests.abi.json (in target 'CupSeasonKitTests-product' from project 'CupSeasonKit')
    cd /tmp/cup-season-compete-identity-plan/apps/ios/Packages/CupSeasonKit
    builtin-copy -exclude .DS_Store -exclude CVS -exclude .svn -exclude .git -exclude .hg -resolve-src-symlinks -rename /tmp/club-spread-build/Build/Intermediates.noindex/CupSeasonKit.build/Debug-iphonesimulator/CupSeasonKitTests-p.build/Objects-normal/arm64/CupSeasonKitTests.abi.json /tmp/club-spread-build/Build/Products/Debug-iphonesimulator/CupSeasonKitTests.swiftmodule/arm64-apple-ios-simulator.abi.json

SwiftDriverJobDiscovery normal arm64 Emitting module for CupSeason (in target 'CupSeason' from project 'CupSeason')

SwiftDriver\ Compilation\ Requirements CupSeason normal arm64 com.apple.xcode.tools.swift.compiler (in target 'CupSeason' from project 'CupSeason')
    cd /tmp/cup-season-compete-identity-plan/apps/ios
    builtin-Swift-Compilation-Requirements -- /Applications/Xcode.app/Contents/Developer/Toolchains/XcodeDefault.xctoolchain/usr/bin/swiftc -module-name CupSeason -Onone @/tmp/club-spread-build/Build/Intermediates.noindex/CupSeason.build/Debug-iphonesimulator/CupSeason.build/Objects-normal/arm64/CupSeason.SwiftFileList -DDEBUG -enable-experimental-feature DebugDescriptionMacro -sdk /Applications/Xcode.app/Contents/Developer/Platforms/iPhoneSimulator.platform/Developer/SDKs/iPhoneSimulator27.0.sdk -target arm64-apple-ios17.0-simulator -g -module-cache-path /tmp/club-spread-build/ModuleCache.noindex -Xfrontend -serialize-debugging-options -enable-testing -index-store-path /tmp/club-spread-build/Index.noindex/DataStore -Xcc -D_LIBCPP_HARDENING_MODE\=_LIBCPP_HARDENING_MODE_DEBUG -swift-version 6 -I /tmp/club-spread-build/Build/Products/Debug-iphonesimulator -F /tmp/club-spread-build/Build/Products/Debug-iphonesimulator/PackageFrameworks -F /tmp/club-spread-build/Build/Products/Debug-iphonesimulator -c -j10 -enable-batch-mode -incremental -Xcc -ivfsstatcache -Xcc /tmp/club-spread-build/SDKStatCaches.noindex/iphonesimulator27.0-24A430-8dc58220667be655e1bcc261a7455254.sdkstatcache -output-file-map /tmp/club-spread-build/Build/Intermediates.noindex/CupSeason.build/Debug-iphonesimulator/CupSeason.build/Objects-normal/arm64/CupSeason-OutputFileMap.json -save-temps -no-color-diagnostics -explicit-module-build -module-cache-path /tmp/club-spread-build/Build/Intermediates.noindex/SwiftExplicitPrecompiledModules -clang-scanner-module-cache-path /tmp/club-spread-build/ModuleCache.noindex -sdk-module-cache-path /tmp/club-spread-build/SDKExplicitPrecompiledModules -emit-dependencies -emit-module -emit-module-path /tmp/club-spread-build/Build/Intermediates.noindex/CupSeason.build/Debug-iphonesimulator/CupSeason.build/Objects-normal/arm64/CupSeason.swiftmodule -serialize-diagnostics -dependency-scan-serialize-diagnostics-path /tmp/club-spread-build/Build/Intermediates.noindex/CupSeason.build/Debug-iphonesimulator/CupSeason.build/Objects-normal/arm64/CupSeason-dependency-scan.dia -validate-clang-modules-once -clang-build-session-file /tmp/club-spread-build/ModuleCache.noindex/Session.modulevalidation -Xcc -fmodules-prune-interval\=86400 -Xcc -fmodules-prune-after\=345600 -emit-const-values -const-gather-protocols-list /tmp/club-spread-build/Build/Intermediates.noindex/CupSeason.build/Debug-iphonesimulator/CupSeason.build/Objects-normal/arm64/CupSeason_const_extract_protocols.json -Xcc -iquote -Xcc /tmp/club-spread-build/Build/Intermediates.noindex/CupSeason.build/Debug-iphonesimulator/CupSeason.build/CupSeason-generated-files.hmap -Xcc -I/tmp/club-spread-build/Build/Intermediates.noindex/CupSeason.build/Debug-iphonesimulator/CupSeason.build/CupSeason-own-target-headers.hmap -Xcc -I/tmp/club-spread-build/Build/Intermediates.noindex/CupSeason.build/Debug-iphonesimulator/CupSeason.build/CupSeason-all-non-framework-target-headers.hmap -Xcc -ivfsoverlay -Xcc /tmp/club-spread-build/Build/Intermediates.noindex/CupSeason.build/Debug-iphonesimulator/CupSeason-26ac0422e5a2dad00507856b52f4ad6b-VFS-iphonesimulator/all-product-headers.yaml -Xcc -iquote -Xcc /tmp/club-spread-build/Build/Intermediates.noindex/CupSeason.build/Debug-iphonesimulator/CupSeason.build/CupSeason-project-headers.hmap -Xcc -I/tmp/club-spread-build/Build/Products/Debug-iphonesimulator/include -Xcc -I/tmp/club-spread-build/Build/Intermediates.noindex/CupSeason.build/Debug-iphonesimulator/CupSeason.build/DerivedSources-normal/arm64 -Xcc -I/tmp/club-spread-build/Build/Intermediates.noindex/CupSeason.build/Debug-iphonesimulator/CupSeason.build/DerivedSources/arm64 -Xcc -I/tmp/club-spread-build/Build/Intermediates.noindex/CupSeason.build/Debug-iphonesimulator/CupSeason.build/DerivedSources -Xcc -DDEBUG\=1 -emit-objc-header -emit-objc-header-path /tmp/club-spread-build/Build/Intermediates.noindex/CupSeason.build/Debug-iphonesimulator/CupSeason.build/Objects-normal/arm64/CupSeason-Swift.h -working-directory /tmp/cup-season-compete-identity-plan/apps/ios -experimental-emit-module-separately -disable-cmo

SwiftCompile normal arm64 Compiling\ SyntheticWorld+Compete.swift,\ SyntheticWorld+Courses.swift,\ SyntheticWorld+Events.swift,\ SyntheticWorld+Golfers.swift,\ SyntheticWorld+Home.swift,\ SyntheticWorld+Me.swift,\ SyntheticWorld+Rounds.swift,\ SyntheticWorld+Schedule.swift,\ SyntheticWorld+Season.swift,\ SyntheticWorld+Writes.swift,\ SyntheticWorld+You.swift,\ SyntheticWorld.swift,\ WidgetReviewFixture.swift,\ WizardAgreementView.swift,\ WizardLockShareSheet.swift,\ WizardScreen.swift,\ WizardSteps.swift,\ YouRows.swift,\ YouScreen.swift /tmp/cup-season-compete-identity-plan/apps/ios/CupSeason/Dev/Synthetic/SyntheticWorld+Compete.swift /tmp/cup-season-compete-identity-plan/apps/ios/CupSeason/Dev/Synthetic/SyntheticWorld+Courses.swift /tmp/cup-season-compete-identity-plan/apps/ios/CupSeason/Dev/Synthetic/SyntheticWorld+Events.swift /tmp/cup-season-compete-identity-plan/apps/ios/CupSeason/Dev/Synthetic/SyntheticWorld+Golfers.swift /tmp/cup-season-compete-identity-plan/apps/ios/CupSeason/Dev/Synthetic/SyntheticWorld+Home.swift /tmp/cup-season-compete-identity-plan/apps/ios/CupSeason/Dev/Synthetic/SyntheticWorld+Me.swift /tmp/cup-season-compete-identity-plan/apps/ios/CupSeason/Dev/Synthetic/SyntheticWorld+Rounds.swift /tmp/cup-season-compete-identity-plan/apps/ios/CupSeason/Dev/Synthetic/SyntheticWorld+Schedule.swift /tmp/cup-season-compete-identity-plan/apps/ios/CupSeason/Dev/Synthetic/SyntheticWorld+Season.swift /tmp/cup-season-compete-identity-plan/apps/ios/CupSeason/Dev/Synthetic/SyntheticWorld+Writes.swift /tmp/cup-season-compete-identity-plan/apps/ios/CupSeason/Dev/Synthetic/SyntheticWorld+You.swift /tmp/cup-season-compete-identity-plan/apps/ios/CupSeason/Dev/Synthetic/SyntheticWorld.swift /tmp/cup-season-compete-identity-plan/apps/ios/CupSeason/Widgets/WidgetReviewFixture.swift /tmp/cup-season-compete-identity-plan/apps/ios/CupSeason/Wizard/WizardAgreementView.swift /tmp/cup-season-compete-identity-plan/apps/ios/CupSeason/Wizard/WizardLockShareSheet.swift /tmp/cup-season-compete-identity-plan/apps/ios/CupSeason/Wizard/WizardScreen.swift /tmp/cup-season-compete-identity-plan/apps/ios/CupSeason/Wizard/WizardSteps.swift /tmp/cup-season-compete-identity-plan/apps/ios/CupSeason/You/YouRows.swift /tmp/cup-season-compete-identity-plan/apps/ios/CupSeason/You/YouScreen.swift (in target 'CupSeason' from project 'CupSeason')
/tmp/cup-season-compete-identity-plan/apps/ios/CupSeason/You/YouScreen.swift:237:27: warning: left side of nil coalescing operator '??' has non-optional type 'UUID', so the right side is never used
235 | 
236 |   private func face(_ p: Me.Profile) -> CSFace.Model {
237 |     CSFace.Model(id: p.id ?? UUID(), marker: p.marker, photoURL: model.data.extras?.avatarURL,
    |                           `- warning: left side of nil coalescing operator '??' has non-optional type 'UUID', so the right side is never used
238 |                  initials: Initials.of(p.display_name), isViewer: true)
239 |   }

/tmp/cup-season-compete-identity-plan/apps/ios/CupSeason/You/YouScreen.swift:315:47: warning: left side of nil coalescing operator '??' has non-optional type 'UUID', so the right side is never used
313 |     let course = p.home_course.flatMap { $0.isEmpty ? nil : $0 }
314 |     return CSCrestPlate(marker: p.marker,
315 |                         seed: course ?? (p.id ?? UUID()).uuidString,
    |                                               `- warning: left side of nil coalescing operator '??' has non-optional type 'UUID', so the right side is never used
316 |                         hasCourse: course != nil)
317 |   }

/tmp/cup-season-compete-identity-plan/apps/ios/CupSeason/You/YouScreen.swift:320:43: warning: left side of nil coalescing operator '??' has non-optional type 'UUID', so the right side is never used
318 | 
319 |   private func slotLabel(_ p: Me.Profile) -> String? {
320 |     switch store.founding.badge(for: p.id ?? UUID()) {
    |                                           `- warning: left side of nil coalescing operator '??' has non-optional type 'UUID', so the right side is never used
321 |     case .founder: "Founder"
322 |     case .member: "Founding member"

SwiftCompile normal arm64 /tmp/cup-season-compete-identity-plan/apps/ios/CupSeason/Dev/Synthetic/SyntheticWorld+Compete.swift (in target 'CupSeason' from project 'CupSeason')
    cd /tmp/cup-season-compete-identity-plan/apps/ios
    builtin-SwiftPerFileCompile SyntheticWorld+Compete.swift

SwiftCompile normal arm64 /tmp/cup-season-compete-identity-plan/apps/ios/CupSeason/Dev/Synthetic/SyntheticWorld+Courses.swift (in target 'CupSeason' from project 'CupSeason')
    cd /tmp/cup-season-compete-identity-plan/apps/ios
    builtin-SwiftPerFileCompile SyntheticWorld+Courses.swift

SwiftCompile normal arm64 /tmp/cup-season-compete-identity-plan/apps/ios/CupSeason/Dev/Synthetic/SyntheticWorld+Events.swift (in target 'CupSeason' from project 'CupSeason')
    cd /tmp/cup-season-compete-identity-plan/apps/ios
    builtin-SwiftPerFileCompile SyntheticWorld+Events.swift

SwiftCompile normal arm64 /tmp/cup-season-compete-identity-plan/apps/ios/CupSeason/Dev/Synthetic/SyntheticWorld+Golfers.swift (in target 'CupSeason' from project 'CupSeason')
    cd /tmp/cup-season-compete-identity-plan/apps/ios
    builtin-SwiftPerFileCompile SyntheticWorld+Golfers.swift

SwiftCompile normal arm64 /tmp/cup-season-compete-identity-plan/apps/ios/CupSeason/Dev/Synthetic/SyntheticWorld+Home.swift (in target 'CupSeason' from project 'CupSeason')
    cd /tmp/cup-season-compete-identity-plan/apps/ios
    builtin-SwiftPerFileCompile SyntheticWorld+Home.swift

SwiftCompile normal arm64 /tmp/cup-season-compete-identity-plan/apps/ios/CupSeason/Dev/Synthetic/SyntheticWorld+Me.swift (in target 'CupSeason' from project 'CupSeason')
    cd /tmp/cup-season-compete-identity-plan/apps/ios
    builtin-SwiftPerFileCompile SyntheticWorld+Me.swift

SwiftCompile normal arm64 /tmp/cup-season-compete-identity-plan/apps/ios/CupSeason/Dev/Synthetic/SyntheticWorld+Rounds.swift (in target 'CupSeason' from project 'CupSeason')
    cd /tmp/cup-season-compete-identity-plan/apps/ios
    builtin-SwiftPerFileCompile SyntheticWorld+Rounds.swift

SwiftCompile normal arm64 /tmp/cup-season-compete-identity-plan/apps/ios/CupSeason/Dev/Synthetic/SyntheticWorld+Schedule.swift (in target 'CupSeason' from project 'CupSeason')
    cd /tmp/cup-season-compete-identity-plan/apps/ios
    builtin-SwiftPerFileCompile SyntheticWorld+Schedule.swift

SwiftCompile normal arm64 /tmp/cup-season-compete-identity-plan/apps/ios/CupSeason/Dev/Synthetic/SyntheticWorld+Season.swift (in target 'CupSeason' from project 'CupSeason')
    cd /tmp/cup-season-compete-identity-plan/apps/ios
    builtin-SwiftPerFileCompile SyntheticWorld+Season.swift

SwiftCompile normal arm64 /tmp/cup-season-compete-identity-plan/apps/ios/CupSeason/Dev/Synthetic/SyntheticWorld+Writes.swift (in target 'CupSeason' from project 'CupSeason')
    cd /tmp/cup-season-compete-identity-plan/apps/ios
    builtin-SwiftPerFileCompile SyntheticWorld+Writes.swift

SwiftCompile normal arm64 /tmp/cup-season-compete-identity-plan/apps/ios/CupSeason/Dev/Synthetic/SyntheticWorld+You.swift (in target 'CupSeason' from project 'CupSeason')
    cd /tmp/cup-season-compete-identity-plan/apps/ios
    builtin-SwiftPerFileCompile SyntheticWorld+You.swift

SwiftCompile normal arm64 /tmp/cup-season-compete-identity-plan/apps/ios/CupSeason/Dev/Synthetic/SyntheticWorld.swift (in target 'CupSeason' from project 'CupSeason')
    cd /tmp/cup-season-compete-identity-plan/apps/ios
    builtin-SwiftPerFileCompile SyntheticWorld.swift

SwiftCompile normal arm64 /tmp/cup-season-compete-identity-plan/apps/ios/CupSeason/Widgets/WidgetReviewFixture.swift (in target 'CupSeason' from project 'CupSeason')
    cd /tmp/cup-season-compete-identity-plan/apps/ios
    builtin-SwiftPerFileCompile WidgetReviewFixture.swift

SwiftCompile normal arm64 /tmp/cup-season-compete-identity-plan/apps/ios/CupSeason/Wizard/WizardAgreementView.swift (in target 'CupSeason' from project 'CupSeason')
    cd /tmp/cup-season-compete-identity-plan/apps/ios
    builtin-SwiftPerFileCompile WizardAgreementView.swift

SwiftCompile normal arm64 /tmp/cup-season-compete-identity-plan/apps/ios/CupSeason/Wizard/WizardLockShareSheet.swift (in target 'CupSeason' from project 'CupSeason')
    cd /tmp/cup-season-compete-identity-plan/apps/ios
    builtin-SwiftPerFileCompile WizardLockShareSheet.swift

SwiftCompile normal arm64 /tmp/cup-season-compete-identity-plan/apps/ios/CupSeason/Wizard/WizardScreen.swift (in target 'CupSeason' from project 'CupSeason')
    cd /tmp/cup-season-compete-identity-plan/apps/ios
    builtin-SwiftPerFileCompile WizardScreen.swift

SwiftCompile normal arm64 /tmp/cup-season-compete-identity-plan/apps/ios/CupSeason/Wizard/WizardSteps.swift (in target 'CupSeason' from project 'CupSeason')
    cd /tmp/cup-season-compete-identity-plan/apps/ios
    builtin-SwiftPerFileCompile WizardSteps.swift

SwiftCompile normal arm64 /tmp/cup-season-compete-identity-plan/apps/ios/CupSeason/You/YouRows.swift (in target 'CupSeason' from project 'CupSeason')
    cd /tmp/cup-season-compete-identity-plan/apps/ios
    builtin-SwiftPerFileCompile YouRows.swift

SwiftCompile normal arm64 /tmp/cup-season-compete-identity-plan/apps/ios/CupSeason/You/YouScreen.swift (in target 'CupSeason' from project 'CupSeason')
    cd /tmp/cup-season-compete-identity-plan/apps/ios
    builtin-SwiftPerFileCompile YouScreen.swift

Copy /tmp/club-spread-build/Build/Products/Debug-iphonesimulator/CupSeason.swiftmodule/Project/arm64-apple-ios-simulator.swiftsourceinfo /tmp/club-spread-build/Build/Intermediates.noindex/CupSeason.build/Debug-iphonesimulator/CupSeason.build/Objects-normal/arm64/CupSeason.swiftsourceinfo (in target 'CupSeason' from project 'CupSeason')
    cd /tmp/cup-season-compete-identity-plan/apps/ios
    builtin-copy -exclude .DS_Store -exclude CVS -exclude .svn -exclude .git -exclude .hg -resolve-src-symlinks -rename /tmp/club-spread-build/Build/Intermediates.noindex/CupSeason.build/Debug-iphonesimulator/CupSeason.build/Objects-normal/arm64/CupSeason.swiftsourceinfo /tmp/club-spread-build/Build/Products/Debug-iphonesimulator/CupSeason.swiftmodule/Project/arm64-apple-ios-simulator.swiftsourceinfo

SwiftDriverJobDiscovery normal arm64 Compiling PotPassCard.swift, Presenter.swift, PricingParts.swift, PricingPassCard.swift, PrivateLinkPasteboard.swift, ProfileBlocks.swift, ProfileFaceFixture.swift, PushActions.swift, PushAsk.swift, PushDev.swift, PushDuelReminder.swift, PushRouter.swift, RateCourseSheet.swift, ReactionBar.swift, RecapCardView.swift, ReceiptLeaf.swift, ReceiptMoment.swift, ReceiptPhotoDev.swift, ReceiptSheets.swift (in target 'CupSeason' from project 'CupSeason')

SwiftCompile normal arm64 Compiling\ RecordPage.swift,\ ReplyToTeeIntent.swift,\ RivalriesSection.swift,\ RoomBits.swift,\ RootView.swift,\ RoundCardArtifact.swift,\ RoundCardDev.swift,\ RoundCardLeaf.swift,\ RoundConversation.swift,\ RoundReceiptSheet.swift,\ RoundSharePreview.swift,\ RoundStoryCard.swift,\ RyderRoomView.swift,\ RyderSetupSheet.swift,\ SafetyMenu.swift,\ ScanConsentSheet.swift,\ ScheduleScreen.swift,\ ScheduledRoundSheet.swift,\ ScorecardSheet.swift /tmp/cup-season-compete-identity-plan/apps/ios/CupSeason/You/RecordPage.swift /tmp/cup-season-compete-identity-plan/apps/ios/CupSeason/Widgets/ReplyToTeeIntent.swift /tmp/cup-season-compete-identity-plan/apps/ios/CupSeason/You/RivalriesSection.swift /tmp/cup-season-compete-identity-plan/apps/ios/CupSeason/League/RoomBits.swift /tmp/cup-season-compete-identity-plan/apps/ios/CupSeason/RootView.swift /tmp/cup-season-compete-identity-plan/apps/ios/CupSeason/Rounds/RoundCardArtifact.swift /tmp/cup-season-compete-identity-plan/apps/ios/CupSeason/Rounds/RoundCardDev.swift /tmp/cup-season-compete-identity-plan/apps/ios/CupSeason/Rounds/RoundCardLeaf.swift /tmp/cup-season-compete-identity-plan/apps/ios/CupSeason/Rounds/RoundConversation.swift /tmp/cup-season-compete-identity-plan/apps/ios/CupSeason/Rounds/RoundReceiptSheet.swift /tmp/cup-season-compete-identity-plan/apps/ios/CupSeason/Post/RoundSharePreview.swift /tmp/cup-season-compete-identity-plan/apps/ios/CupSeason/Board/RoundStoryCard.swift /tmp/cup-season-compete-identity-plan/apps/ios/CupSeason/Events/RyderRoomView.swift /tmp/cup-season-compete-identity-plan/apps/ios/CupSeason/Events/RyderSetupSheet.swift /tmp/cup-season-compete-identity-plan/apps/ios/CupSeason/People/SafetyMenu.swift /tmp/cup-season-compete-identity-plan/apps/ios/CupSeason/Post/ScanConsentSheet.swift /tmp/cup-season-compete-identity-plan/apps/ios/CupSeason/Schedule/ScheduleScreen.swift /tmp/cup-season-compete-identity-plan/apps/ios/CupSeason/Schedule/ScheduledRoundSheet.swift /tmp/cup-season-compete-identity-plan/apps/ios/CupSeason/Board/ScorecardSheet.swift (in target 'CupSeason' from project 'CupSeason')
/tmp/cup-season-compete-identity-plan/apps/ios/CupSeason/Schedule/ScheduleScreen.swift:210:38: warning: immutable value 'gold' was never used; consider replacing with '_' or removing it [#NoUsage]
208 |               if sr.isMine, let id = sr.id { ownerActions(sr, id: id) }
209 |             }
210 |           case .league(let text, let gold):
    |                                      `- warning: immutable value 'gold' was never used; consider replacing with '_' or removing it [#NoUsage]
211 |             HStack(spacing: CSTokens.Space.s3) {
212 |               CSGlyph(.calendar, size: .row).foregroundStyle(cs.mut)

[#NoUsage]: <https://docs.swift.org/compiler/documentation/diagnostics/no-usage>

SwiftCompile normal arm64 /tmp/cup-season-compete-identity-plan/apps/ios/CupSeason/You/RecordPage.swift (in target 'CupSeason' from project 'CupSeason')
    cd /tmp/cup-season-compete-identity-plan/apps/ios
    builtin-SwiftPerFileCompile RecordPage.swift

SwiftCompile normal arm64 /tmp/cup-season-compete-identity-plan/apps/ios/CupSeason/Widgets/ReplyToTeeIntent.swift (in target 'CupSeason' from project 'CupSeason')
    cd /tmp/cup-season-compete-identity-plan/apps/ios
    builtin-SwiftPerFileCompile ReplyToTeeIntent.swift

SwiftCompile normal arm64 /tmp/cup-season-compete-identity-plan/apps/ios/CupSeason/You/RivalriesSection.swift (in target 'CupSeason' from project 'CupSeason')
    cd /tmp/cup-season-compete-identity-plan/apps/ios
    builtin-SwiftPerFileCompile RivalriesSection.swift

SwiftCompile normal arm64 /tmp/cup-season-compete-identity-plan/apps/ios/CupSeason/League/RoomBits.swift (in target 'CupSeason' from project 'CupSeason')
    cd /tmp/cup-season-compete-identity-plan/apps/ios
    builtin-SwiftPerFileCompile RoomBits.swift

SwiftCompile normal arm64 /tmp/cup-season-compete-identity-plan/apps/ios/CupSeason/RootView.swift (in target 'CupSeason' from project 'CupSeason')
    cd /tmp/cup-season-compete-identity-plan/apps/ios
    builtin-SwiftPerFileCompile RootView.swift

SwiftCompile normal arm64 /tmp/cup-season-compete-identity-plan/apps/ios/CupSeason/Rounds/RoundCardArtifact.swift (in target 'CupSeason' from project 'CupSeason')
    cd /tmp/cup-season-compete-identity-plan/apps/ios
    builtin-SwiftPerFileCompile RoundCardArtifact.swift

SwiftCompile normal arm64 /tmp/cup-season-compete-identity-plan/apps/ios/CupSeason/Rounds/RoundCardDev.swift (in target 'CupSeason' from project 'CupSeason')
    cd /tmp/cup-season-compete-identity-plan/apps/ios
    builtin-SwiftPerFileCompile RoundCardDev.swift

SwiftCompile normal arm64 /tmp/cup-season-compete-identity-plan/apps/ios/CupSeason/Rounds/RoundCardLeaf.swift (in target 'CupSeason' from project 'CupSeason')
    cd /tmp/cup-season-compete-identity-plan/apps/ios
    builtin-SwiftPerFileCompile RoundCardLeaf.swift

SwiftCompile normal arm64 /tmp/cup-season-compete-identity-plan/apps/ios/CupSeason/Rounds/RoundConversation.swift (in target 'CupSeason' from project 'CupSeason')
    cd /tmp/cup-season-compete-identity-plan/apps/ios
    builtin-SwiftPerFileCompile RoundConversation.swift

SwiftCompile normal arm64 /tmp/cup-season-compete-identity-plan/apps/ios/CupSeason/Rounds/RoundReceiptSheet.swift (in target 'CupSeason' from project 'CupSeason')
    cd /tmp/cup-season-compete-identity-plan/apps/ios
    builtin-SwiftPerFileCompile RoundReceiptSheet.swift

SwiftCompile normal arm64 /tmp/cup-season-compete-identity-plan/apps/ios/CupSeason/Post/RoundSharePreview.swift (in target 'CupSeason' from project 'CupSeason')
    cd /tmp/cup-season-compete-identity-plan/apps/ios
    builtin-SwiftPerFileCompile RoundSharePreview.swift

SwiftCompile normal arm64 /tmp/cup-season-compete-identity-plan/apps/ios/CupSeason/Board/RoundStoryCard.swift (in target 'CupSeason' from project 'CupSeason')
    cd /tmp/cup-season-compete-identity-plan/apps/ios
    builtin-SwiftPerFileCompile RoundStoryCard.swift

SwiftCompile normal arm64 /tmp/cup-season-compete-identity-plan/apps/ios/CupSeason/Events/RyderRoomView.swift (in target 'CupSeason' from project 'CupSeason')
    cd /tmp/cup-season-compete-identity-plan/apps/ios
    builtin-SwiftPerFileCompile RyderRoomView.swift

SwiftCompile normal arm64 /tmp/cup-season-compete-identity-plan/apps/ios/CupSeason/Events/RyderSetupSheet.swift (in target 'CupSeason' from project 'CupSeason')
    cd /tmp/cup-season-compete-identity-plan/apps/ios
    builtin-SwiftPerFileCompile RyderSetupSheet.swift

SwiftCompile normal arm64 /tmp/cup-season-compete-identity-plan/apps/ios/CupSeason/People/SafetyMenu.swift (in target 'CupSeason' from project 'CupSeason')
    cd /tmp/cup-season-compete-identity-plan/apps/ios
    builtin-SwiftPerFileCompile SafetyMenu.swift

SwiftCompile normal arm64 /tmp/cup-season-compete-identity-plan/apps/ios/CupSeason/Post/ScanConsentSheet.swift (in target 'CupSeason' from project 'CupSeason')
    cd /tmp/cup-season-compete-identity-plan/apps/ios
    builtin-SwiftPerFileCompile ScanConsentSheet.swift

SwiftCompile normal arm64 /tmp/cup-season-compete-identity-plan/apps/ios/CupSeason/Schedule/ScheduleScreen.swift (in target 'CupSeason' from project 'CupSeason')
    cd /tmp/cup-season-compete-identity-plan/apps/ios
    builtin-SwiftPerFileCompile ScheduleScreen.swift

SwiftCompile normal arm64 /tmp/cup-season-compete-identity-plan/apps/ios/CupSeason/Schedule/ScheduledRoundSheet.swift (in target 'CupSeason' from project 'CupSeason')
    cd /tmp/cup-season-compete-identity-plan/apps/ios
    builtin-SwiftPerFileCompile ScheduledRoundSheet.swift

SwiftCompile normal arm64 /tmp/cup-season-compete-identity-plan/apps/ios/CupSeason/Board/ScorecardSheet.swift (in target 'CupSeason' from project 'CupSeason')
    cd /tmp/cup-season-compete-identity-plan/apps/ios
    builtin-SwiftPerFileCompile ScorecardSheet.swift

Copy /tmp/club-spread-build/Build/Products/Debug-iphonesimulator/CupSeason.swiftmodule/arm64-apple-ios-simulator.abi.json /tmp/club-spread-build/Build/Intermediates.noindex/CupSeason.build/Debug-iphonesimulator/CupSeason.build/Objects-normal/arm64/CupSeason.abi.json (in target 'CupSeason' from project 'CupSeason')
    cd /tmp/cup-season-compete-identity-plan/apps/ios
    builtin-copy -exclude .DS_Store -exclude CVS -exclude .svn -exclude .git -exclude .hg -resolve-src-symlinks -rename /tmp/club-spread-build/Build/Intermediates.noindex/CupSeason.build/Debug-iphonesimulator/CupSeason.build/Objects-normal/arm64/CupSeason.abi.json /tmp/club-spread-build/Build/Products/Debug-iphonesimulator/CupSeason.swiftmodule/arm64-apple-ios-simulator.abi.json

SwiftDriverJobDiscovery normal arm64 Compiling GuideSheets.swift, HeadToHeadPage.swift, HomeFacts.swift, HomeLead.swift, HomeNoPhotoFixture.swift, HomePhotoProbe.swift, HomePhotos.swift, HomeView.swift, HomeWire.swift, IntentSheet.swift, InvitesBanner.swift, JoinLeagueFlow.swift, LaunchSheetFixture.swift, LeagueIdentityEditor.swift, LeagueIdentityViews.swift, LeaguelessDoors.swift, LengthStep.swift, LinkConfirmationSheet.swift, Links.swift, LiveActivityHost.swift (in target 'CupSeason' from project 'CupSeason')

SwiftCompile normal arm64 Compiling\ DoorFlags.swift,\ DoorLayout.swift,\ DoorView.swift,\ DraftBits.swift,\ DraftNightScreen.swift,\ EpilogueFixture.swift,\ EpilogueSheet.swift,\ EventBits.swift,\ EventChips.swift,\ EventFixture.swift,\ EventPickerSheet.swift,\ EventRoomModel.swift,\ EventRoomScreen.swift,\ EventStagePicker.swift,\ EventTitleCard.swift,\ FeedbackSheet.swift,\ FinishCeremonyView.swift,\ ForgeView.swift,\ FriendsBoard.swift,\ GolfersScreen.swift /tmp/cup-season-compete-identity-plan/apps/ios/CupSeason/Door/DoorFlags.swift /tmp/cup-season-compete-identity-plan/apps/ios/CupSeason/Door/DoorLayout.swift /tmp/cup-season-compete-identity-plan/apps/ios/CupSeason/Door/DoorView.swift /tmp/cup-season-compete-identity-plan/apps/ios/CupSeason/Draft/DraftBits.swift /tmp/cup-season-compete-identity-plan/apps/ios/CupSeason/Draft/DraftNightScreen.swift /tmp/cup-season-compete-identity-plan/apps/ios/CupSeason/Dev/EpilogueFixture.swift /tmp/cup-season-compete-identity-plan/apps/ios/CupSeason/Post/EpilogueSheet.swift /tmp/cup-season-compete-identity-plan/apps/ios/CupSeason/Events/EventBits.swift /tmp/cup-season-compete-identity-plan/apps/ios/CupSeason/Events/EventChips.swift /tmp/cup-season-compete-identity-plan/apps/ios/CupSeason/Events/EventFixture.swift /tmp/cup-season-compete-identity-plan/apps/ios/CupSeason/Events/EventPickerSheet.swift /tmp/cup-season-compete-identity-plan/apps/ios/CupSeason/Events/EventRoomModel.swift /tmp/cup-season-compete-identity-plan/apps/ios/CupSeason/Events/EventRoomScreen.swift /tmp/cup-season-compete-identity-plan/apps/ios/CupSeason/Events/EventStagePicker.swift /tmp/cup-season-compete-identity-plan/apps/ios/CupSeason/Events/EventTitleCard.swift /tmp/cup-season-compete-identity-plan/apps/ios/CupSeason/Settings/FeedbackSheet.swift /tmp/cup-season-compete-identity-plan/apps/ios/CupSeason/Post/FinishCeremonyView.swift /tmp/cup-season-compete-identity-plan/apps/ios/CupSeason/Door/ForgeView.swift /tmp/cup-season-compete-identity-plan/apps/ios/CupSeason/Golfers/FriendsBoard.swift /tmp/cup-season-compete-identity-plan/apps/ios/CupSeason/Golfers/GolfersScreen.swift (in target 'CupSeason' from project 'CupSeason')
/tmp/cup-season-compete-identity-plan/apps/ios/CupSeason/Post/EpilogueSheet.swift:128:16: warning: immutable value 'gross' was never used; consider replacing with '_' or removing it [#NoUsage]
126 | 
127 |         // the share artifacts, below the act
128 |         if let gross = show.epilogue.gross, !show.ceremonyOwnsShare {
    |                `- warning: immutable value 'gross' was never used; consider replacing with '_' or removing it [#NoUsage]
129 |           Button(PostEpilogue.shareLabel(firstEver: show.firstEver)) {
130 |             roundPreview = true

[#NoUsage]: <https://docs.swift.org/compiler/documentation/diagnostics/no-usage>

SwiftCompile normal arm64 /tmp/cup-season-compete-identity-plan/apps/ios/CupSeason/Door/DoorFlags.swift (in target 'CupSeason' from project 'CupSeason')
    cd /tmp/cup-season-compete-identity-plan/apps/ios
    builtin-SwiftPerFileCompile DoorFlags.swift

SwiftCompile normal arm64 /tmp/cup-season-compete-identity-plan/apps/ios/CupSeason/Door/DoorLayout.swift (in target 'CupSeason' from project 'CupSeason')
    cd /tmp/cup-season-compete-identity-plan/apps/ios
    builtin-SwiftPerFileCompile DoorLayout.swift

SwiftCompile normal arm64 /tmp/cup-season-compete-identity-plan/apps/ios/CupSeason/Door/DoorView.swift (in target 'CupSeason' from project 'CupSeason')
    cd /tmp/cup-season-compete-identity-plan/apps/ios
    builtin-SwiftPerFileCompile DoorView.swift

SwiftCompile normal arm64 /tmp/cup-season-compete-identity-plan/apps/ios/CupSeason/Draft/DraftBits.swift (in target 'CupSeason' from project 'CupSeason')
    cd /tmp/cup-season-compete-identity-plan/apps/ios
    builtin-SwiftPerFileCompile DraftBits.swift

SwiftCompile normal arm64 /tmp/cup-season-compete-identity-plan/apps/ios/CupSeason/Draft/DraftNightScreen.swift (in target 'CupSeason' from project 'CupSeason')
    cd /tmp/cup-season-compete-identity-plan/apps/ios
    builtin-SwiftPerFileCompile DraftNightScreen.swift

SwiftCompile normal arm64 /tmp/cup-season-compete-identity-plan/apps/ios/CupSeason/Dev/EpilogueFixture.swift (in target 'CupSeason' from project 'CupSeason')
    cd /tmp/cup-season-compete-identity-plan/apps/ios
    builtin-SwiftPerFileCompile EpilogueFixture.swift

SwiftCompile normal arm64 /tmp/cup-season-compete-identity-plan/apps/ios/CupSeason/Post/EpilogueSheet.swift (in target 'CupSeason' from project 'CupSeason')
    cd /tmp/cup-season-compete-identity-plan/apps/ios
    builtin-SwiftPerFileCompile EpilogueSheet.swift

SwiftCompile normal arm64 /tmp/cup-season-compete-identity-plan/apps/ios/CupSeason/Events/EventBits.swift (in target 'CupSeason' from project 'CupSeason')
    cd /tmp/cup-season-compete-identity-plan/apps/ios
    builtin-SwiftPerFileCompile EventBits.swift

SwiftCompile normal arm64 /tmp/cup-season-compete-identity-plan/apps/ios/CupSeason/Events/EventChips.swift (in target 'CupSeason' from project 'CupSeason')
    cd /tmp/cup-season-compete-identity-plan/apps/ios
    builtin-SwiftPerFileCompile EventChips.swift

SwiftCompile normal arm64 /tmp/cup-season-compete-identity-plan/apps/ios/CupSeason/Events/EventFixture.swift (in target 'CupSeason' from project 'CupSeason')
    cd /tmp/cup-season-compete-identity-plan/apps/ios
    builtin-SwiftPerFileCompile EventFixture.swift

SwiftCompile normal arm64 /tmp/cup-season-compete-identity-plan/apps/ios/CupSeason/Events/EventPickerSheet.swift (in target 'CupSeason' from project 'CupSeason')
    cd /tmp/cup-season-compete-identity-plan/apps/ios
    builtin-SwiftPerFileCompile EventPickerSheet.swift

SwiftCompile normal arm64 /tmp/cup-season-compete-identity-plan/apps/ios/CupSeason/Events/EventRoomModel.swift (in target 'CupSeason' from project 'CupSeason')
    cd /tmp/cup-season-compete-identity-plan/apps/ios
    builtin-SwiftPerFileCompile EventRoomModel.swift

SwiftCompile normal arm64 /tmp/cup-season-compete-identity-plan/apps/ios/CupSeason/Events/EventRoomScreen.swift (in target 'CupSeason' from project 'CupSeason')
    cd /tmp/cup-season-compete-identity-plan/apps/ios
    builtin-SwiftPerFileCompile EventRoomScreen.swift

SwiftCompile normal arm64 /tmp/cup-season-compete-identity-plan/apps/ios/CupSeason/Events/EventStagePicker.swift (in target 'CupSeason' from project 'CupSeason')
    cd /tmp/cup-season-compete-identity-plan/apps/ios
    builtin-SwiftPerFileCompile EventStagePicker.swift

SwiftCompile normal arm64 /tmp/cup-season-compete-identity-plan/apps/ios/CupSeason/Events/EventTitleCard.swift (in target 'CupSeason' from project 'CupSeason')
    cd /tmp/cup-season-compete-identity-plan/apps/ios
    builtin-SwiftPerFileCompile EventTitleCard.swift

SwiftCompile normal arm64 /tmp/cup-season-compete-identity-plan/apps/ios/CupSeason/Settings/FeedbackSheet.swift (in target 'CupSeason' from project 'CupSeason')
    cd /tmp/cup-season-compete-identity-plan/apps/ios
    builtin-SwiftPerFileCompile FeedbackSheet.swift

SwiftCompile normal arm64 /tmp/cup-season-compete-identity-plan/apps/ios/CupSeason/Post/FinishCeremonyView.swift (in target 'CupSeason' from project 'CupSeason')
    cd /tmp/cup-season-compete-identity-plan/apps/ios
    builtin-SwiftPerFileCompile FinishCeremonyView.swift

SwiftCompile normal arm64 /tmp/cup-season-compete-identity-plan/apps/ios/CupSeason/Door/ForgeView.swift (in target 'CupSeason' from project 'CupSeason')
    cd /tmp/cup-season-compete-identity-plan/apps/ios
    builtin-SwiftPerFileCompile ForgeView.swift

SwiftCompile normal arm64 /tmp/cup-season-compete-identity-plan/apps/ios/CupSeason/Golfers/FriendsBoard.swift (in target 'CupSeason' from project 'CupSeason')
    cd /tmp/cup-season-compete-identity-plan/apps/ios
    builtin-SwiftPerFileCompile FriendsBoard.swift

SwiftCompile normal arm64 /tmp/cup-season-compete-identity-plan/apps/ios/CupSeason/Golfers/GolfersScreen.swift (in target 'CupSeason' from project 'CupSeason')
    cd /tmp/cup-season-compete-identity-plan/apps/ios
    builtin-SwiftPerFileCompile GolfersScreen.swift

SwiftDriverJobDiscovery normal arm64 Compiling SyntheticWorld+Compete.swift, SyntheticWorld+Courses.swift, SyntheticWorld+Events.swift, SyntheticWorld+Golfers.swift, SyntheticWorld+Home.swift, SyntheticWorld+Me.swift, SyntheticWorld+Rounds.swift, SyntheticWorld+Schedule.swift, SyntheticWorld+Season.swift, SyntheticWorld+Writes.swift, SyntheticWorld+You.swift, SyntheticWorld.swift, WidgetReviewFixture.swift, WizardAgreementView.swift, WizardLockShareSheet.swift, WizardScreen.swift, WizardSteps.swift, YouRows.swift, YouScreen.swift (in target 'CupSeason' from project 'CupSeason')

SwiftCompile normal arm64 Compiling\ MembershipCard.swift,\ MetricsSubscriber.swift,\ MorningReviewFixture.swift,\ N1ReviewFixture.swift,\ NearbyService.swift,\ OfflineCoursesSheet.swift,\ OrientationGate.swift,\ PeopleParts.swift,\ PeoplePickerSheet.swift,\ PersonPage.swift,\ PostCameraColumn.swift,\ PostCourseSearchField.swift,\ PostCoverView.swift,\ PostHoleGrid.swift,\ PostPhoto.swift,\ PostRoundModel.swift,\ PostRoundScreen.swift,\ PostScanSheets.swift,\ PotPane.swift /tmp/cup-season-compete-identity-plan/apps/ios/CupSeason/Pricing/MembershipCard.swift /tmp/cup-season-compete-identity-plan/apps/ios/CupSeason/MetricsSubscriber.swift /tmp/cup-season-compete-identity-plan/apps/ios/CupSeason/MorningReviewFixture.swift /tmp/cup-season-compete-identity-plan/apps/ios/CupSeason/Dev/N1ReviewFixture.swift /tmp/cup-season-compete-identity-plan/apps/ios/CupSeason/Live/NearbyService.swift /tmp/cup-season-compete-identity-plan/apps/ios/CupSeason/Courses/OfflineCoursesSheet.swift /tmp/cup-season-compete-identity-plan/apps/ios/CupSeason/Live/OrientationGate.swift /tmp/cup-season-compete-identity-plan/apps/ios/CupSeason/People/PeopleParts.swift /tmp/cup-season-compete-identity-plan/apps/ios/CupSeason/People/PeoplePickerSheet.swift /tmp/cup-season-compete-identity-plan/apps/ios/CupSeason/Golfers/PersonPage.swift /tmp/cup-season-compete-identity-plan/apps/ios/CupSeason/Post/PostCameraColumn.swift /tmp/cup-season-compete-identity-plan/apps/ios/CupSeason/Post/PostCourseSearchField.swift /tmp/cup-season-compete-identity-plan/apps/ios/CupSeason/Post/PostCoverView.swift /tmp/cup-season-compete-identity-plan/apps/ios/CupSeason/Post/PostHoleGrid.swift /tmp/cup-season-compete-identity-plan/apps/ios/CupSeason/Post/PostPhoto.swift /tmp/cup-season-compete-identity-plan/apps/ios/CupSeason/Post/PostRoundModel.swift /tmp/cup-season-compete-identity-plan/apps/ios/CupSeason/Post/PostRoundScreen.swift /tmp/cup-season-compete-identity-plan/apps/ios/CupSeason/Post/PostScanSheets.swift /tmp/cup-season-compete-identity-plan/apps/ios/CupSeason/League/PotPane.swift (in target 'CupSeason' from project 'CupSeason')
/tmp/cup-season-compete-identity-plan/apps/ios/CupSeason/Live/NearbyService.swift:149:37: warning: capture of 'peer' with non-Sendable type 'MCPeerID' in a '@Sendable' closure [#SendableClosureCaptures]
147 | 
148 |   private func remember(_ id: UUID, _ peer: MCPeerID) {
149 |     q.async { [self] in peers[id] = peer }
    |                                     `- warning: capture of 'peer' with non-Sendable type 'MCPeerID' in a '@Sendable' closure [#SendableClosureCaptures]
150 |   }
151 | }

/Applications/Xcode.app/Contents/Developer/Platforms/iPhoneSimulator.platform/Developer/SDKs/iPhoneSimulator27.0.sdk/System/Library/Frameworks/MultipeerConnectivity.framework/Headers/MCPeerID.h:32:12: note: class 'MCPeerID' does not conform to the 'Sendable' protocol
30 | NS_ASSUME_NONNULL_BEGIN
31 | API_DEPRECATED("Use Network Framework instead", macos(10.10, 27.0), ios(7.0, 27.0), tvos(10.0, 27.0))
32 | @interface MCPeerID : NSObject <NSCopying, NSSecureCoding>
   |            `- note: class 'MCPeerID' does not conform to the 'Sendable' protocol
33 | - (instancetype)initWithDisplayName:(NSString *)myDisplayName NS_DESIGNATED_INITIALIZER;
34 | 

/tmp/cup-season-compete-identity-plan/apps/ios/CupSeason/Live/NearbyService.swift:25:1: warning: add '@preconcurrency' to treat 'Sendable'-related errors from module 'MultipeerConnectivity' as warnings [#AddPreconcurrencyImport]
 23 | 
 24 | import Foundation
 25 | import MultipeerConnectivity
    | `- warning: add '@preconcurrency' to treat 'Sendable'-related errors from module 'MultipeerConnectivity' as warnings [#AddPreconcurrencyImport]
 26 | import os
 27 | 

/tmp/cup-season-compete-identity-plan/apps/ios/CupSeason/Live/NearbyService.swift:161:41: warning: capture of 'peerID' with non-Sendable type 'MCPeerID' in a '@Sendable' closure [#SendableClosureCaptures]
159 |     if state == .notConnected {
160 |       q.async { [self] in
161 |         for (id, p) in peers where p == peerID { peers.removeValue(forKey: id); undeliverable(id) }
    |                                         `- warning: capture of 'peerID' with non-Sendable type 'MCPeerID' in a '@Sendable' closure [#SendableClosureCaptures]
162 |       }
163 |       return

/Applications/Xcode.app/Contents/Developer/Platforms/iPhoneSimulator.platform/Developer/SDKs/iPhoneSimulator27.0.sdk/System/Library/Frameworks/MultipeerConnectivity.framework/Headers/MCPeerID.h:32:12: note: class 'MCPeerID' does not conform to the 'Sendable' protocol
30 | NS_ASSUME_NONNULL_BEGIN
31 | API_DEPRECATED("Use Network Framework instead", macos(10.10, 27.0), ios(7.0, 27.0), tvos(10.0, 27.0))
32 | @interface MCPeerID : NSObject <NSCopying, NSSecureCoding>
   |            `- note: class 'MCPeerID' does not conform to the 'Sendable' protocol
33 | - (instancetype)initWithDisplayName:(NSString *)myDisplayName NS_DESIGNATED_INITIALIZER;
34 | 

/tmp/cup-season-compete-identity-plan/apps/ios/CupSeason/Post/PostPhoto.swift:45:108: warning: call to main actor-isolated class method 'isSourceTypeAvailable' in a synchronous nonisolated context [#ActorIsolatedCall]
 43 |   /// The camera door is real only when the app may open it.
 44 |   static var cameraAvailable: Bool {
 45 |     Bundle.main.object(forInfoDictionaryKey: "NSCameraUsageDescription") != nil && UIImagePickerController.isSourceTypeAvailable(.camera)
    |                                                                                                            `- warning: call to main actor-isolated class method 'isSourceTypeAvailable' in a synchronous nonisolated context [#ActorIsolatedCall]
 46 |   }
 47 | 

/Applications/Xcode.app/Contents/Developer/Platforms/iPhoneSimulator.platform/Developer/SDKs/iPhoneSimulator27.0.sdk/System/Library/Frameworks/UIKit.framework/Headers/UIImagePickerController.h:71:1: note: calls to class method 'isSourceTypeAvailable' from outside of its actor context are implicitly asynchronous
 69 | @interface UIImagePickerController : UINavigationController <NSCoding>
 70 | 
 71 | + (BOOL)isSourceTypeAvailable:(UIImagePickerControllerSourceType)sourceType;                 // returns YES if source is available (i.e. camera present)
    | `- note: calls to class method 'isSourceTypeAvailable' from outside of its actor context are implicitly asynchronous
 72 | + (nullable NSArray<NSString *> *)availableMediaTypesForSourceType:(UIImagePickerControllerSourceType)sourceType; // returns array of available media types (i.e. kUTTypeImage)
 73 | 

[#ActorIsolatedCall]: <https://docs.swift.org/compiler/documentation/diagnostics/actor-isolated-call>
[#AddPreconcurrencyImport]: <https://docs.swift.org/compiler/documentation/diagnostics/add-preconcurrency-import>
[#SendableClosureCaptures]: <https://docs.swift.org/compiler/documentation/diagnostics/sendable-closure-captures>

SwiftCompile normal arm64 /tmp/cup-season-compete-identity-plan/apps/ios/CupSeason/Pricing/MembershipCard.swift (in target 'CupSeason' from project 'CupSeason')
    cd /tmp/cup-season-compete-identity-plan/apps/ios
    builtin-SwiftPerFileCompile MembershipCard.swift

SwiftCompile normal arm64 /tmp/cup-season-compete-identity-plan/apps/ios/CupSeason/MetricsSubscriber.swift (in target 'CupSeason' from project 'CupSeason')
    cd /tmp/cup-season-compete-identity-plan/apps/ios
    builtin-SwiftPerFileCompile MetricsSubscriber.swift

SwiftCompile normal arm64 /tmp/cup-season-compete-identity-plan/apps/ios/CupSeason/MorningReviewFixture.swift (in target 'CupSeason' from project 'CupSeason')
    cd /tmp/cup-season-compete-identity-plan/apps/ios
    builtin-SwiftPerFileCompile MorningReviewFixture.swift

SwiftCompile normal arm64 /tmp/cup-season-compete-identity-plan/apps/ios/CupSeason/Dev/N1ReviewFixture.swift (in target 'CupSeason' from project 'CupSeason')
    cd /tmp/cup-season-compete-identity-plan/apps/ios
    builtin-SwiftPerFileCompile N1ReviewFixture.swift

SwiftCompile normal arm64 /tmp/cup-season-compete-identity-plan/apps/ios/CupSeason/Live/NearbyService.swift (in target 'CupSeason' from project 'CupSeason')
    cd /tmp/cup-season-compete-identity-plan/apps/ios
    builtin-SwiftPerFileCompile NearbyService.swift

SwiftCompile normal arm64 /tmp/cup-season-compete-identity-plan/apps/ios/CupSeason/Courses/OfflineCoursesSheet.swift (in target 'CupSeason' from project 'CupSeason')
    cd /tmp/cup-season-compete-identity-plan/apps/ios
    builtin-SwiftPerFileCompile OfflineCoursesSheet.swift

SwiftCompile normal arm64 /tmp/cup-season-compete-identity-plan/apps/ios/CupSeason/Live/OrientationGate.swift (in target 'CupSeason' from project 'CupSeason')
    cd /tmp/cup-season-compete-identity-plan/apps/ios
    builtin-SwiftPerFileCompile OrientationGate.swift

SwiftCompile normal arm64 /tmp/cup-season-compete-identity-plan/apps/ios/CupSeason/People/PeopleParts.swift (in target 'CupSeason' from project 'CupSeason')
    cd /tmp/cup-season-compete-identity-plan/apps/ios
    builtin-SwiftPerFileCompile PeopleParts.swift

SwiftCompile normal arm64 /tmp/cup-season-compete-identity-plan/apps/ios/CupSeason/People/PeoplePickerSheet.swift (in target 'CupSeason' from project 'CupSeason')
    cd /tmp/cup-season-compete-identity-plan/apps/ios
    builtin-SwiftPerFileCompile PeoplePickerSheet.swift

SwiftCompile normal arm64 /tmp/cup-season-compete-identity-plan/apps/ios/CupSeason/Golfers/PersonPage.swift (in target 'CupSeason' from project 'CupSeason')
    cd /tmp/cup-season-compete-identity-plan/apps/ios
    builtin-SwiftPerFileCompile PersonPage.swift

SwiftCompile normal arm64 /tmp/cup-season-compete-identity-plan/apps/ios/CupSeason/Post/PostCameraColumn.swift (in target 'CupSeason' from project 'CupSeason')
    cd /tmp/cup-season-compete-identity-plan/apps/ios
    builtin-SwiftPerFileCompile PostCameraColumn.swift

SwiftCompile normal arm64 /tmp/cup-season-compete-identity-plan/apps/ios/CupSeason/Post/PostCourseSearchField.swift (in target 'CupSeason' from project 'CupSeason')
    cd /tmp/cup-season-compete-identity-plan/apps/ios
    builtin-SwiftPerFileCompile PostCourseSearchField.swift

SwiftCompile normal arm64 /tmp/cup-season-compete-identity-plan/apps/ios/CupSeason/Post/PostCoverView.swift (in target 'CupSeason' from project 'CupSeason')
    cd /tmp/cup-season-compete-identity-plan/apps/ios
    builtin-SwiftPerFileCompile PostCoverView.swift

SwiftCompile normal arm64 /tmp/cup-season-compete-identity-plan/apps/ios/CupSeason/Post/PostHoleGrid.swift (in target 'CupSeason' from project 'CupSeason')
    cd /tmp/cup-season-compete-identity-plan/apps/ios
    builtin-SwiftPerFileCompile PostHoleGrid.swift

SwiftCompile normal arm64 /tmp/cup-season-compete-identity-plan/apps/ios/CupSeason/Post/PostPhoto.swift (in target 'CupSeason' from project 'CupSeason')
    cd /tmp/cup-season-compete-identity-plan/apps/ios
    builtin-SwiftPerFileCompile PostPhoto.swift

SwiftCompile normal arm64 /tmp/cup-season-compete-identity-plan/apps/ios/CupSeason/Post/PostRoundModel.swift (in target 'CupSeason' from project 'CupSeason')
    cd /tmp/cup-season-compete-identity-plan/apps/ios
    builtin-SwiftPerFileCompile PostRoundModel.swift

SwiftCompile normal arm64 /tmp/cup-season-compete-identity-plan/apps/ios/CupSeason/Post/PostRoundScreen.swift (in target 'CupSeason' from project 'CupSeason')
    cd /tmp/cup-season-compete-identity-plan/apps/ios
    builtin-SwiftPerFileCompile PostRoundScreen.swift

SwiftCompile normal arm64 /tmp/cup-season-compete-identity-plan/apps/ios/CupSeason/Post/PostScanSheets.swift (in target 'CupSeason' from project 'CupSeason')
    cd /tmp/cup-season-compete-identity-plan/apps/ios
    builtin-SwiftPerFileCompile PostScanSheets.swift

SwiftCompile normal arm64 /tmp/cup-season-compete-identity-plan/apps/ios/CupSeason/League/PotPane.swift (in target 'CupSeason' from project 'CupSeason')
    cd /tmp/cup-season-compete-identity-plan/apps/ios
    builtin-SwiftPerFileCompile PotPane.swift

SwiftDriver CupSeasonTests normal arm64 com.apple.xcode.tools.swift.compiler (in target 'CupSeasonTests' from project 'CupSeason')
    cd /tmp/cup-season-compete-identity-plan/apps/ios
    builtin-SwiftDriver -- /Applications/Xcode.app/Contents/Developer/Toolchains/XcodeDefault.xctoolchain/usr/bin/swiftc -module-name CupSeasonTests -Onone @/tmp/club-spread-build/Build/Intermediates.noindex/CupSeason.build/Debug-iphonesimulator/CupSeasonTests.build/Objects-normal/arm64/CupSeasonTests.SwiftFileList -DDEBUG -plugin-path /Applications/Xcode.app/Contents/Developer/Toolchains/XcodeDefault.xctoolchain/usr/lib/swift/host/plugins/testing -enable-experimental-feature DebugDescriptionMacro -sdk /Applications/Xcode.app/Contents/Developer/Platforms/iPhoneSimulator.platform/Developer/SDKs/iPhoneSimulator27.0.sdk -target arm64-apple-ios17.0-simulator -g -module-cache-path /tmp/club-spread-build/ModuleCache.noindex -Xfrontend -serialize-debugging-options -enable-testing -index-store-path /tmp/club-spread-build/Index.noindex/DataStore -Xcc -D_LIBCPP_HARDENING_MODE\=_LIBCPP_HARDENING_MODE_DEBUG -swift-version 6 -I /tmp/club-spread-build/Build/Products/Debug-iphonesimulator -Isystem /Applications/Xcode.app/Contents/Developer/Platforms/iPhoneSimulator.platform/Developer/usr/lib -F /tmp/club-spread-build/Build/Products/Debug-iphonesimulator/PackageFrameworks -F /tmp/club-spread-build/Build/Products/Debug-iphonesimulator -F /Applications/Xcode.app/Contents/Developer/Platforms/iPhoneSimulator.platform/Developer/Library/Frameworks -F /Applications/Xcode.app/Contents/Developer/Platforms/iPhoneSimulator.platform/Developer/SDKs/iPhoneSimulator27.0.sdk/Developer/Library/Frameworks -c -j10 -enable-batch-mode -incremental -Xcc -ivfsstatcache -Xcc /tmp/club-spread-build/SDKStatCaches.noindex/iphonesimulator27.0-24A430-8dc58220667be655e1bcc261a7455254.sdkstatcache -output-file-map /tmp/club-spread-build/Build/Intermediates.noindex/CupSeason.build/Debug-iphonesimulator/CupSeasonTests.build/Objects-normal/arm64/CupSeasonTests-OutputFileMap.json -save-temps -no-color-diagnostics -explicit-module-build -module-cache-path /tmp/club-spread-build/Build/Intermediates.noindex/SwiftExplicitPrecompiledModules -clang-scanner-module-cache-path /tmp/club-spread-build/ModuleCache.noindex -sdk-module-cache-path /tmp/club-spread-build/SDKExplicitPrecompiledModules -emit-dependencies -emit-module -emit-module-path /tmp/club-spread-build/Build/Intermediates.noindex/CupSeason.build/Debug-iphonesimulator/CupSeasonTests.build/Objects-normal/arm64/CupSeasonTests.swiftmodule -serialize-diagnostics -dependency-scan-serialize-diagnostics-path /tmp/club-spread-build/Build/Intermediates.noindex/CupSeason.build/Debug-iphonesimulator/CupSeasonTests.build/Objects-normal/arm64/CupSeasonTests-dependency-scan.dia -validate-clang-modules-once -clang-build-session-file /tmp/club-spread-build/ModuleCache.noindex/Session.modulevalidation -Xcc -fmodules-prune-interval\=86400 -Xcc -fmodules-prune-after\=345600 -emit-const-values -const-gather-protocols-list /tmp/club-spread-build/Build/Intermediates.noindex/CupSeason.build/Debug-iphonesimulator/CupSeasonTests.build/Objects-normal/arm64/CupSeasonTests_const_extract_protocols.json -Xcc -iquote -Xcc /tmp/club-spread-build/Build/Intermediates.noindex/CupSeason.build/Debug-iphonesimulator/CupSeasonTests.build/CupSeasonTests-generated-files.hmap -Xcc -I/tmp/club-spread-build/Build/Intermediates.noindex/CupSeason.build/Debug-iphonesimulator/CupSeasonTests.build/CupSeasonTests-own-target-headers.hmap -Xcc -I/tmp/club-spread-build/Build/Intermediates.noindex/CupSeason.build/Debug-iphonesimulator/CupSeasonTests.build/CupSeasonTests-all-non-framework-target-headers.hmap -Xcc -ivfsoverlay -Xcc /tmp/club-spread-build/Build/Intermediates.noindex/CupSeason.build/Debug-iphonesimulator/CupSeason-26ac0422e5a2dad00507856b52f4ad6b-VFS-iphonesimulator/all-product-headers.yaml -Xcc -iquote -Xcc /tmp/club-spread-build/Build/Intermediates.noindex/CupSeason.build/Debug-iphonesimulator/CupSeasonTests.build/CupSeasonTests-project-headers.hmap -Xcc -I/tmp/club-spread-build/Build/Products/Debug-iphonesimulator/include -Xcc -I/tmp/club-spread-build/Build/Intermediates.noindex/CupSeason.build/Debug-iphonesimulator/CupSeasonTests.build/DerivedSources-normal/arm64 -Xcc -I/tmp/club-spread-build/Build/Intermediates.noindex/CupSeason.build/Debug-iphonesimulator/CupSeasonTests.build/DerivedSources/arm64 -Xcc -I/tmp/club-spread-build/Build/Intermediates.noindex/CupSeason.build/Debug-iphonesimulator/CupSeasonTests.build/DerivedSources -Xcc -DDEBUG\=1 -emit-objc-header -emit-objc-header-path /tmp/club-spread-build/Build/Intermediates.noindex/CupSeason.build/Debug-iphonesimulator/CupSeasonTests.build/Objects-normal/arm64/CupSeasonTests-Swift.h -working-directory /tmp/cup-season-compete-identity-plan/apps/ios -experimental-emit-module-separately -disable-cmo

SwiftDriverJobDiscovery normal arm64 Compiling DoorFlags.swift, DoorLayout.swift, DoorView.swift, DraftBits.swift, DraftNightScreen.swift, EpilogueFixture.swift, EpilogueSheet.swift, EventBits.swift, EventChips.swift, EventFixture.swift, EventPickerSheet.swift, EventRoomModel.swift, EventRoomScreen.swift, EventStagePicker.swift, EventTitleCard.swift, FeedbackSheet.swift, FinishCeremonyView.swift, ForgeView.swift, FriendsBoard.swift, GolfersScreen.swift (in target 'CupSeason' from project 'CupSeason')

SwiftCompile normal arm64 Compiling\ SeasonAdminSheets.swift,\ SeasonBookPage.swift,\ SeasonCeremonyView.swift,\ SeasonFixture.swift,\ SeasonPage.swift,\ SeasonPhases.swift,\ SeasonPreviews.swift,\ SeasonRulesPage.swift,\ SeasonStoryPane.swift,\ SecurityReviewFixture.swift,\ SheetFrame.swift,\ SliceComponents.swift,\ SocialActivitySheet.swift,\ SocialBlendReview.swift,\ StandingsTableView.swift,\ SyntheticBackend.swift,\ SyntheticBoot.swift,\ SyntheticScreenMark.swift,\ SyntheticWidgetReview.swift /tmp/cup-season-compete-identity-plan/apps/ios/CupSeason/League/SeasonAdminSheets.swift /tmp/cup-season-compete-identity-plan/apps/ios/CupSeason/Season/SeasonBookPage.swift /tmp/cup-season-compete-identity-plan/apps/ios/CupSeason/League/SeasonCeremonyView.swift /tmp/cup-season-compete-identity-plan/apps/ios/CupSeason/Season/SeasonFixture.swift /tmp/cup-season-compete-identity-plan/apps/ios/CupSeason/Season/SeasonPage.swift /tmp/cup-season-compete-identity-plan/apps/ios/CupSeason/Season/SeasonPhases.swift /tmp/cup-season-compete-identity-plan/apps/ios/CupSeason/Season/SeasonPreviews.swift /tmp/cup-season-compete-identity-plan/apps/ios/CupSeason/Season/SeasonRulesPage.swift /tmp/cup-season-compete-identity-plan/apps/ios/CupSeason/Season/SeasonStoryPane.swift /tmp/cup-season-compete-identity-plan/apps/ios/CupSeason/Dev/SecurityReviewFixture.swift /tmp/cup-season-compete-identity-plan/apps/ios/CupSeason/League/SheetFrame.swift /tmp/cup-season-compete-identity-plan/apps/ios/CupSeason/Rounds/SliceComponents.swift /tmp/cup-season-compete-identity-plan/apps/ios/CupSeason/Home/SocialActivitySheet.swift /tmp/cup-season-compete-identity-plan/apps/ios/CupSeason/Dev/SocialBlendReview.swift /tmp/cup-season-compete-identity-plan/apps/ios/CupSeason/League/StandingsTableView.swift /tmp/cup-season-compete-identity-plan/apps/ios/CupSeason/Dev/Synthetic/SyntheticBackend.swift /tmp/cup-season-compete-identity-plan/apps/ios/CupSeason/Dev/Synthetic/SyntheticBoot.swift /tmp/cup-season-compete-identity-plan/apps/ios/CupSeason/Dev/Synthetic/SyntheticScreenMark.swift /tmp/cup-season-compete-identity-plan/apps/ios/CupSeason/Dev/Synthetic/SyntheticWidgetReview.swift (in target 'CupSeason' from project 'CupSeason')

SwiftCompile normal arm64 /tmp/cup-season-compete-identity-plan/apps/ios/CupSeason/League/SeasonAdminSheets.swift (in target 'CupSeason' from project 'CupSeason')
    cd /tmp/cup-season-compete-identity-plan/apps/ios
    builtin-SwiftPerFileCompile SeasonAdminSheets.swift

SwiftCompile normal arm64 /tmp/cup-season-compete-identity-plan/apps/ios/CupSeason/Season/SeasonBookPage.swift (in target 'CupSeason' from project 'CupSeason')
    cd /tmp/cup-season-compete-identity-plan/apps/ios
    builtin-SwiftPerFileCompile SeasonBookPage.swift

SwiftCompile normal arm64 /tmp/cup-season-compete-identity-plan/apps/ios/CupSeason/League/SeasonCeremonyView.swift (in target 'CupSeason' from project 'CupSeason')
    cd /tmp/cup-season-compete-identity-plan/apps/ios
    builtin-SwiftPerFileCompile SeasonCeremonyView.swift

SwiftCompile normal arm64 /tmp/cup-season-compete-identity-plan/apps/ios/CupSeason/Season/SeasonFixture.swift (in target 'CupSeason' from project 'CupSeason')
    cd /tmp/cup-season-compete-identity-plan/apps/ios
    builtin-SwiftPerFileCompile SeasonFixture.swift

SwiftCompile normal arm64 /tmp/cup-season-compete-identity-plan/apps/ios/CupSeason/Season/SeasonPage.swift (in target 'CupSeason' from project 'CupSeason')
    cd /tmp/cup-season-compete-identity-plan/apps/ios
    builtin-SwiftPerFileCompile SeasonPage.swift

SwiftCompile normal arm64 /tmp/cup-season-compete-identity-plan/apps/ios/CupSeason/Season/SeasonPhases.swift (in target 'CupSeason' from project 'CupSeason')
    cd /tmp/cup-season-compete-identity-plan/apps/ios
    builtin-SwiftPerFileCompile SeasonPhases.swift

SwiftCompile normal arm64 /tmp/cup-season-compete-identity-plan/apps/ios/CupSeason/Season/SeasonPreviews.swift (in target 'CupSeason' from project 'CupSeason')
    cd /tmp/cup-season-compete-identity-plan/apps/ios
    builtin-SwiftPerFileCompile SeasonPreviews.swift

SwiftCompile normal arm64 /tmp/cup-season-compete-identity-plan/apps/ios/CupSeason/Season/SeasonRulesPage.swift (in target 'CupSeason' from project 'CupSeason')
    cd /tmp/cup-season-compete-identity-plan/apps/ios
    builtin-SwiftPerFileCompile SeasonRulesPage.swift

SwiftCompile normal arm64 /tmp/cup-season-compete-identity-plan/apps/ios/CupSeason/Season/SeasonStoryPane.swift (in target 'CupSeason' from project 'CupSeason')
    cd /tmp/cup-season-compete-identity-plan/apps/ios
    builtin-SwiftPerFileCompile SeasonStoryPane.swift

SwiftCompile normal arm64 /tmp/cup-season-compete-identity-plan/apps/ios/CupSeason/Dev/SecurityReviewFixture.swift (in target 'CupSeason' from project 'CupSeason')
    cd /tmp/cup-season-compete-identity-plan/apps/ios
    builtin-SwiftPerFileCompile SecurityReviewFixture.swift

SwiftCompile normal arm64 /tmp/cup-season-compete-identity-plan/apps/ios/CupSeason/League/SheetFrame.swift (in target 'CupSeason' from project 'CupSeason')
    cd /tmp/cup-season-compete-identity-plan/apps/ios
    builtin-SwiftPerFileCompile SheetFrame.swift

SwiftCompile normal arm64 /tmp/cup-season-compete-identity-plan/apps/ios/CupSeason/Rounds/SliceComponents.swift (in target 'CupSeason' from project 'CupSeason')
    cd /tmp/cup-season-compete-identity-plan/apps/ios
    builtin-SwiftPerFileCompile SliceComponents.swift

SwiftCompile normal arm64 /tmp/cup-season-compete-identity-plan/apps/ios/CupSeason/Home/SocialActivitySheet.swift (in target 'CupSeason' from project 'CupSeason')
    cd /tmp/cup-season-compete-identity-plan/apps/ios
    builtin-SwiftPerFileCompile SocialActivitySheet.swift

SwiftCompile normal arm64 /tmp/cup-season-compete-identity-plan/apps/ios/CupSeason/Dev/SocialBlendReview.swift (in target 'CupSeason' from project 'CupSeason')
    cd /tmp/cup-season-compete-identity-plan/apps/ios
    builtin-SwiftPerFileCompile SocialBlendReview.swift

SwiftCompile normal arm64 /tmp/cup-season-compete-identity-plan/apps/ios/CupSeason/League/StandingsTableView.swift (in target 'CupSeason' from project 'CupSeason')
    cd /tmp/cup-season-compete-identity-plan/apps/ios
    builtin-SwiftPerFileCompile StandingsTableView.swift

SwiftCompile normal arm64 /tmp/cup-season-compete-identity-plan/apps/ios/CupSeason/Dev/Synthetic/SyntheticBackend.swift (in target 'CupSeason' from project 'CupSeason')
    cd /tmp/cup-season-compete-identity-plan/apps/ios
    builtin-SwiftPerFileCompile SyntheticBackend.swift

SwiftCompile normal arm64 /tmp/cup-season-compete-identity-plan/apps/ios/CupSeason/Dev/Synthetic/SyntheticBoot.swift (in target 'CupSeason' from project 'CupSeason')
    cd /tmp/cup-season-compete-identity-plan/apps/ios
    builtin-SwiftPerFileCompile SyntheticBoot.swift

SwiftCompile normal arm64 /tmp/cup-season-compete-identity-plan/apps/ios/CupSeason/Dev/Synthetic/SyntheticScreenMark.swift (in target 'CupSeason' from project 'CupSeason')
    cd /tmp/cup-season-compete-identity-plan/apps/ios
    builtin-SwiftPerFileCompile SyntheticScreenMark.swift

SwiftCompile normal arm64 /tmp/cup-season-compete-identity-plan/apps/ios/CupSeason/Dev/Synthetic/SyntheticWidgetReview.swift (in target 'CupSeason' from project 'CupSeason')
    cd /tmp/cup-season-compete-identity-plan/apps/ios
    builtin-SwiftPerFileCompile SyntheticWidgetReview.swift

SwiftEmitModule normal arm64 Emitting\ module\ for\ CupSeasonTests (in target 'CupSeasonTests' from project 'CupSeason')

SwiftCompile normal arm64 (in target 'CupSeasonTests' from project 'CupSeason')
    cd /tmp/cup-season-compete-identity-plan/apps/ios
    

SwiftDriverJobDiscovery normal arm64 Compiling RecordPage.swift, ReplyToTeeIntent.swift, RivalriesSection.swift, RoomBits.swift, RootView.swift, RoundCardArtifact.swift, RoundCardDev.swift, RoundCardLeaf.swift, RoundConversation.swift, RoundReceiptSheet.swift, RoundSharePreview.swift, RoundStoryCard.swift, RyderRoomView.swift, RyderSetupSheet.swift, SafetyMenu.swift, ScanConsentSheet.swift, ScheduleScreen.swift, ScheduledRoundSheet.swift, ScorecardSheet.swift (in target 'CupSeason' from project 'CupSeason')

SwiftCompile normal arm64 Compiling\ RoundCardTests.swift,\ ScheduleCalendarTests.swift,\ SyntheticWorldTests.swift /tmp/cup-season-compete-identity-plan/apps/ios/CupSeasonTests/RoundCardTests.swift /tmp/cup-season-compete-identity-plan/apps/ios/CupSeasonTests/ScheduleCalendarTests.swift /tmp/cup-season-compete-identity-plan/apps/ios/CupSeasonTests/SyntheticWorldTests.swift (in target 'CupSeasonTests' from project 'CupSeason')
/tmp/cup-season-compete-identity-plan/apps/ios/CupSeasonTests/RoundCardTests.swift:121:35: warning: call to main actor-isolated static method 'overPar' in a synchronous nonisolated context [#ActorIsolatedCall]
119 |   /// mark, and marks nothing it cannot measure.
120 |   func testTheBoardSheetMarksAHoleAgainstItsPar() {
121 |     XCTAssertEqual(ScorecardSheet.overPar("5", "4"), 1)
    |                                   `- warning: call to main actor-isolated static method 'overPar' in a synchronous nonisolated context [#ActorIsolatedCall]
122 |     XCTAssertEqual(ScorecardSheet.overPar("3", "5"), -2)
123 |     XCTAssertEqual(ScorecardSheet.overPar("4", "4"), 0)

CupSeason.ScorecardSheet.overPar:2:33: note: calls to static method 'overPar' from outside of its actor context are implicitly asynchronous
1 | struct ScorecardSheet {
2 | @MainActor internal static func overPar(_ strokes: String, _ par: String) -> Int?}
  |                                 `- note: calls to static method 'overPar' from outside of its actor context are implicitly asynchronous
3 | 

/tmp/cup-season-compete-identity-plan/apps/ios/CupSeasonTests/RoundCardTests.swift:122:35: warning: call to main actor-isolated static method 'overPar' in a synchronous nonisolated context [#ActorIsolatedCall]
120 |   func testTheBoardSheetMarksAHoleAgainstItsPar() {
121 |     XCTAssertEqual(ScorecardSheet.overPar("5", "4"), 1)
122 |     XCTAssertEqual(ScorecardSheet.overPar("3", "5"), -2)
    |                                   `- warning: call to main actor-isolated static method 'overPar' in a synchronous nonisolated context [#ActorIsolatedCall]
123 |     XCTAssertEqual(ScorecardSheet.overPar("4", "4"), 0)
124 |     XCTAssertNil(ScorecardSheet.overPar("·", "4"), "a gap is not a score")

CupSeason.ScorecardSheet.overPar:2:33: note: calls to static method 'overPar' from outside of its actor context are implicitly asynchronous
1 | struct ScorecardSheet {
2 | @MainActor internal static func overPar(_ strokes: String, _ par: String) -> Int?}
  |                                 `- note: calls to static method 'overPar' from outside of its actor context are implicitly asynchronous
3 | 

/tmp/cup-season-compete-identity-plan/apps/ios/CupSeasonTests/RoundCardTests.swift:123:35: warning: call to main actor-isolated static method 'overPar' in a synchronous nonisolated context [#ActorIsolatedCall]
121 |     XCTAssertEqual(ScorecardSheet.overPar("5", "4"), 1)
122 |     XCTAssertEqual(ScorecardSheet.overPar("3", "5"), -2)
123 |     XCTAssertEqual(ScorecardSheet.overPar("4", "4"), 0)
    |                                   `- warning: call to main actor-isolated static method 'overPar' in a synchronous nonisolated context [#ActorIsolatedCall]
124 |     XCTAssertNil(ScorecardSheet.overPar("·", "4"), "a gap is not a score")
125 |     XCTAssertNil(ScorecardSheet.overPar("5", ""), "no par, no mark")

CupSeason.ScorecardSheet.overPar:2:33: note: calls to static method 'overPar' from outside of its actor context are implicitly asynchronous
1 | struct ScorecardSheet {
2 | @MainActor internal static func overPar(_ strokes: String, _ par: String) -> Int?}
  |                                 `- note: calls to static method 'overPar' from outside of its actor context are implicitly asynchronous
3 | 

/tmp/cup-season-compete-identity-plan/apps/ios/CupSeasonTests/RoundCardTests.swift:124:33: warning: call to main actor-isolated static method 'overPar' in a synchronous nonisolated context [#ActorIsolatedCall]
122 |     XCTAssertEqual(ScorecardSheet.overPar("3", "5"), -2)
123 |     XCTAssertEqual(ScorecardSheet.overPar("4", "4"), 0)
124 |     XCTAssertNil(ScorecardSheet.overPar("·", "4"), "a gap is not a score")
    |                                 `- warning: call to main actor-isolated static method 'overPar' in a synchronous nonisolated context [#ActorIsolatedCall]
125 |     XCTAssertNil(ScorecardSheet.overPar("5", ""), "no par, no mark")
126 |   }

CupSeason.ScorecardSheet.overPar:2:33: note: calls to static method 'overPar' from outside of its actor context are implicitly asynchronous
1 | struct ScorecardSheet {
2 | @MainActor internal static func overPar(_ strokes: String, _ par: String) -> Int?}
  |                                 `- note: calls to static method 'overPar' from outside of its actor context are implicitly asynchronous
3 | 

/tmp/cup-season-compete-identity-plan/apps/ios/CupSeasonTests/RoundCardTests.swift:125:33: warning: call to main actor-isolated static method 'overPar' in a synchronous nonisolated context [#ActorIsolatedCall]
123 |     XCTAssertEqual(ScorecardSheet.overPar("4", "4"), 0)
124 |     XCTAssertNil(ScorecardSheet.overPar("·", "4"), "a gap is not a score")
125 |     XCTAssertNil(ScorecardSheet.overPar("5", ""), "no par, no mark")
    |                                 `- warning: call to main actor-isolated static method 'overPar' in a synchronous nonisolated context [#ActorIsolatedCall]
126 |   }
127 | 

CupSeason.ScorecardSheet.overPar:2:33: note: calls to static method 'overPar' from outside of its actor context are implicitly asynchronous
1 | struct ScorecardSheet {
2 | @MainActor internal static func overPar(_ strokes: String, _ par: String) -> Int?}
  |                                 `- note: calls to static method 'overPar' from outside of its actor context are implicitly asynchronous
3 | 

[#ActorIsolatedCall]: <https://docs.swift.org/compiler/documentation/diagnostics/actor-isolated-call>

SwiftCompile normal arm64 /tmp/cup-season-compete-identity-plan/apps/ios/CupSeasonTests/RoundCardTests.swift (in target 'CupSeasonTests' from project 'CupSeason')
    cd /tmp/cup-season-compete-identity-plan/apps/ios
    builtin-SwiftPerFileCompile RoundCardTests.swift

SwiftCompile normal arm64 /tmp/cup-season-compete-identity-plan/apps/ios/CupSeasonTests/ScheduleCalendarTests.swift (in target 'CupSeasonTests' from project 'CupSeason')
    cd /tmp/cup-season-compete-identity-plan/apps/ios
    builtin-SwiftPerFileCompile ScheduleCalendarTests.swift

SwiftCompile normal arm64 /tmp/cup-season-compete-identity-plan/apps/ios/CupSeasonTests/SyntheticWorldTests.swift (in target 'CupSeasonTests' from project 'CupSeason')
    cd /tmp/cup-season-compete-identity-plan/apps/ios
    builtin-SwiftPerFileCompile SyntheticWorldTests.swift

SwiftDriverJobDiscovery normal arm64 Emitting module for CupSeasonTests (in target 'CupSeasonTests' from project 'CupSeason')

SwiftDriver\ Compilation\ Requirements CupSeasonTests normal arm64 com.apple.xcode.tools.swift.compiler (in target 'CupSeasonTests' from project 'CupSeason')
    cd /tmp/cup-season-compete-identity-plan/apps/ios
    builtin-Swift-Compilation-Requirements -- /Applications/Xcode.app/Contents/Developer/Toolchains/XcodeDefault.xctoolchain/usr/bin/swiftc -module-name CupSeasonTests -Onone @/tmp/club-spread-build/Build/Intermediates.noindex/CupSeason.build/Debug-iphonesimulator/CupSeasonTests.build/Objects-normal/arm64/CupSeasonTests.SwiftFileList -DDEBUG -plugin-path /Applications/Xcode.app/Contents/Developer/Toolchains/XcodeDefault.xctoolchain/usr/lib/swift/host/plugins/testing -enable-experimental-feature DebugDescriptionMacro -sdk /Applications/Xcode.app/Contents/Developer/Platforms/iPhoneSimulator.platform/Developer/SDKs/iPhoneSimulator27.0.sdk -target arm64-apple-ios17.0-simulator -g -module-cache-path /tmp/club-spread-build/ModuleCache.noindex -Xfrontend -serialize-debugging-options -enable-testing -index-store-path /tmp/club-spread-build/Index.noindex/DataStore -Xcc -D_LIBCPP_HARDENING_MODE\=_LIBCPP_HARDENING_MODE_DEBUG -swift-version 6 -I /tmp/club-spread-build/Build/Products/Debug-iphonesimulator -Isystem /Applications/Xcode.app/Contents/Developer/Platforms/iPhoneSimulator.platform/Developer/usr/lib -F /tmp/club-spread-build/Build/Products/Debug-iphonesimulator/PackageFrameworks -F /tmp/club-spread-build/Build/Products/Debug-iphonesimulator -F /Applications/Xcode.app/Contents/Developer/Platforms/iPhoneSimulator.platform/Developer/Library/Frameworks -F /Applications/Xcode.app/Contents/Developer/Platforms/iPhoneSimulator.platform/Developer/SDKs/iPhoneSimulator27.0.sdk/Developer/Library/Frameworks -c -j10 -enable-batch-mode -incremental -Xcc -ivfsstatcache -Xcc /tmp/club-spread-build/SDKStatCaches.noindex/iphonesimulator27.0-24A430-8dc58220667be655e1bcc261a7455254.sdkstatcache -output-file-map /tmp/club-spread-build/Build/Intermediates.noindex/CupSeason.build/Debug-iphonesimulator/CupSeasonTests.build/Objects-normal/arm64/CupSeasonTests-OutputFileMap.json -save-temps -no-color-diagnostics -explicit-module-build -module-cache-path /tmp/club-spread-build/Build/Intermediates.noindex/SwiftExplicitPrecompiledModules -clang-scanner-module-cache-path /tmp/club-spread-build/ModuleCache.noindex -sdk-module-cache-path /tmp/club-spread-build/SDKExplicitPrecompiledModules -emit-dependencies -emit-module -emit-module-path /tmp/club-spread-build/Build/Intermediates.noindex/CupSeason.build/Debug-iphonesimulator/CupSeasonTests.build/Objects-normal/arm64/CupSeasonTests.swiftmodule -serialize-diagnostics -dependency-scan-serialize-diagnostics-path /tmp/club-spread-build/Build/Intermediates.noindex/CupSeason.build/Debug-iphonesimulator/CupSeasonTests.build/Objects-normal/arm64/CupSeasonTests-dependency-scan.dia -validate-clang-modules-once -clang-build-session-file /tmp/club-spread-build/ModuleCache.noindex/Session.modulevalidation -Xcc -fmodules-prune-interval\=86400 -Xcc -fmodules-prune-after\=345600 -emit-const-values -const-gather-protocols-list /tmp/club-spread-build/Build/Intermediates.noindex/CupSeason.build/Debug-iphonesimulator/CupSeasonTests.build/Objects-normal/arm64/CupSeasonTests_const_extract_protocols.json -Xcc -iquote -Xcc /tmp/club-spread-build/Build/Intermediates.noindex/CupSeason.build/Debug-iphonesimulator/CupSeasonTests.build/CupSeasonTests-generated-files.hmap -Xcc -I/tmp/club-spread-build/Build/Intermediates.noindex/CupSeason.build/Debug-iphonesimulator/CupSeasonTests.build/CupSeasonTests-own-target-headers.hmap -Xcc -I/tmp/club-spread-build/Build/Intermediates.noindex/CupSeason.build/Debug-iphonesimulator/CupSeasonTests.build/CupSeasonTests-all-non-framework-target-headers.hmap -Xcc -ivfsoverlay -Xcc /tmp/club-spread-build/Build/Intermediates.noindex/CupSeason.build/Debug-iphonesimulator/CupSeason-26ac0422e5a2dad00507856b52f4ad6b-VFS-iphonesimulator/all-product-headers.yaml -Xcc -iquote -Xcc /tmp/club-spread-build/Build/Intermediates.noindex/CupSeason.build/Debug-iphonesimulator/CupSeasonTests.build/CupSeasonTests-project-headers.hmap -Xcc -I/tmp/club-spread-build/Build/Products/Debug-iphonesimulator/include -Xcc -I/tmp/club-spread-build/Build/Intermediates.noindex/CupSeason.build/Debug-iphonesimulator/CupSeasonTests.build/DerivedSources-normal/arm64 -Xcc -I/tmp/club-spread-build/Build/Intermediates.noindex/CupSeason.build/Debug-iphonesimulator/CupSeasonTests.build/DerivedSources/arm64 -Xcc -I/tmp/club-spread-build/Build/Intermediates.noindex/CupSeason.build/Debug-iphonesimulator/CupSeasonTests.build/DerivedSources -Xcc -DDEBUG\=1 -emit-objc-header -emit-objc-header-path /tmp/club-spread-build/Build/Intermediates.noindex/CupSeason.build/Debug-iphonesimulator/CupSeasonTests.build/Objects-normal/arm64/CupSeasonTests-Swift.h -working-directory /tmp/cup-season-compete-identity-plan/apps/ios -experimental-emit-module-separately -disable-cmo

SwiftDriverJobDiscovery normal arm64 Compiling RoundCardTests.swift, ScheduleCalendarTests.swift, SyntheticWorldTests.swift (in target 'CupSeasonTests' from project 'CupSeason')

SwiftCompile normal arm64 Compiling\ N4AccessibilityTests.swift,\ NearbyMessageTests.swift,\ OfflineCoursesModelTests.swift /tmp/cup-season-compete-identity-plan/apps/ios/CupSeasonTests/N4AccessibilityTests.swift /tmp/cup-season-compete-identity-plan/apps/ios/CupSeasonTests/NearbyMessageTests.swift /tmp/cup-season-compete-identity-plan/apps/ios/CupSeasonTests/OfflineCoursesModelTests.swift (in target 'CupSeasonTests' from project 'CupSeason')

SwiftCompile normal arm64 /tmp/cup-season-compete-identity-plan/apps/ios/CupSeasonTests/N4AccessibilityTests.swift (in target 'CupSeasonTests' from project 'CupSeason')
    cd /tmp/cup-season-compete-identity-plan/apps/ios
    builtin-SwiftPerFileCompile N4AccessibilityTests.swift

SwiftCompile normal arm64 /tmp/cup-season-compete-identity-plan/apps/ios/CupSeasonTests/NearbyMessageTests.swift (in target 'CupSeasonTests' from project 'CupSeason')
    cd /tmp/cup-season-compete-identity-plan/apps/ios
    builtin-SwiftPerFileCompile NearbyMessageTests.swift

SwiftCompile normal arm64 /tmp/cup-season-compete-identity-plan/apps/ios/CupSeasonTests/OfflineCoursesModelTests.swift (in target 'CupSeasonTests' from project 'CupSeason')
    cd /tmp/cup-season-compete-identity-plan/apps/ios
    builtin-SwiftPerFileCompile OfflineCoursesModelTests.swift

Copy /tmp/club-spread-build/Build/Products/Debug-iphonesimulator/CupSeasonTests.swiftmodule/arm64-apple-ios-simulator.abi.json /tmp/club-spread-build/Build/Intermediates.noindex/CupSeason.build/Debug-iphonesimulator/CupSeasonTests.build/Objects-normal/arm64/CupSeasonTests.abi.json (in target 'CupSeasonTests' from project 'CupSeason')
    cd /tmp/cup-season-compete-identity-plan/apps/ios
    builtin-copy -exclude .DS_Store -exclude CVS -exclude .svn -exclude .git -exclude .hg -resolve-src-symlinks -rename /tmp/club-spread-build/Build/Intermediates.noindex/CupSeason.build/Debug-iphonesimulator/CupSeasonTests.build/Objects-normal/arm64/CupSeasonTests.abi.json /tmp/club-spread-build/Build/Products/Debug-iphonesimulator/CupSeasonTests.swiftmodule/arm64-apple-ios-simulator.abi.json

SwiftDriverJobDiscovery normal arm64 Compiling MembershipCard.swift, MetricsSubscriber.swift, MorningReviewFixture.swift, N1ReviewFixture.swift, NearbyService.swift, OfflineCoursesSheet.swift, OrientationGate.swift, PeopleParts.swift, PeoplePickerSheet.swift, PersonPage.swift, PostCameraColumn.swift, PostCourseSearchField.swift, PostCoverView.swift, PostHoleGrid.swift, PostPhoto.swift, PostRoundModel.swift, PostRoundScreen.swift, PostScanSheets.swift, PotPane.swift (in target 'CupSeason' from project 'CupSeason')

SwiftCompile normal arm64 Compiling\ TertiaryTargetTests.swift,\ TrophyMarkTests.swift,\ WizardAgreementTests.swift /tmp/cup-season-compete-identity-plan/apps/ios/CupSeasonTests/TertiaryTargetTests.swift /tmp/cup-season-compete-identity-plan/apps/ios/CupSeasonTests/TrophyMarkTests.swift /tmp/cup-season-compete-identity-plan/apps/ios/CupSeasonTests/WizardAgreementTests.swift (in target 'CupSeasonTests' from project 'CupSeason')

SwiftCompile normal arm64 /tmp/cup-season-compete-identity-plan/apps/ios/CupSeasonTests/TertiaryTargetTests.swift (in target 'CupSeasonTests' from project 'CupSeason')
    cd /tmp/cup-season-compete-identity-plan/apps/ios
    builtin-SwiftPerFileCompile TertiaryTargetTests.swift

SwiftCompile normal arm64 /tmp/cup-season-compete-identity-plan/apps/ios/CupSeasonTests/TrophyMarkTests.swift (in target 'CupSeasonTests' from project 'CupSeason')
    cd /tmp/cup-season-compete-identity-plan/apps/ios
    builtin-SwiftPerFileCompile TrophyMarkTests.swift

SwiftCompile normal arm64 /tmp/cup-season-compete-identity-plan/apps/ios/CupSeasonTests/WizardAgreementTests.swift (in target 'CupSeasonTests' from project 'CupSeason')
    cd /tmp/cup-season-compete-identity-plan/apps/ios
    builtin-SwiftPerFileCompile WizardAgreementTests.swift

SwiftCompile normal arm64 Compiling\ OfflineRoundFlowTests.swift,\ OwnerN4094BoardTests.swift,\ OwnerQ34LayoutTests.swift /tmp/cup-season-compete-identity-plan/apps/ios/CupSeasonTests/OfflineRoundFlowTests.swift /tmp/cup-season-compete-identity-plan/apps/ios/CupSeasonTests/OwnerN4094BoardTests.swift /tmp/cup-season-compete-identity-plan/apps/ios/CupSeasonTests/OwnerQ34LayoutTests.swift (in target 'CupSeasonTests' from project 'CupSeason')

SwiftCompile normal arm64 /tmp/cup-season-compete-identity-plan/apps/ios/CupSeasonTests/OfflineRoundFlowTests.swift (in target 'CupSeasonTests' from project 'CupSeason')
    cd /tmp/cup-season-compete-identity-plan/apps/ios
    builtin-SwiftPerFileCompile OfflineRoundFlowTests.swift

SwiftCompile normal arm64 /tmp/cup-season-compete-identity-plan/apps/ios/CupSeasonTests/OwnerN4094BoardTests.swift (in target 'CupSeasonTests' from project 'CupSeason')
    cd /tmp/cup-season-compete-identity-plan/apps/ios
    builtin-SwiftPerFileCompile OwnerN4094BoardTests.swift

SwiftCompile normal arm64 /tmp/cup-season-compete-identity-plan/apps/ios/CupSeasonTests/OwnerQ34LayoutTests.swift (in target 'CupSeasonTests' from project 'CupSeason')
    cd /tmp/cup-season-compete-identity-plan/apps/ios
    builtin-SwiftPerFileCompile OwnerQ34LayoutTests.swift

SwiftDriverJobDiscovery normal arm64 Compiling N4AccessibilityTests.swift, NearbyMessageTests.swift, OfflineCoursesModelTests.swift (in target 'CupSeasonTests' from project 'CupSeason')

SwiftDriverJobDiscovery normal arm64 Compiling SeasonAdminSheets.swift, SeasonBookPage.swift, SeasonCeremonyView.swift, SeasonFixture.swift, SeasonPage.swift, SeasonPhases.swift, SeasonPreviews.swift, SeasonRulesPage.swift, SeasonStoryPane.swift, SecurityReviewFixture.swift, SheetFrame.swift, SliceComponents.swift, SocialActivitySheet.swift, SocialBlendReview.swift, StandingsTableView.swift, SyntheticBackend.swift, SyntheticBoot.swift, SyntheticScreenMark.swift, SyntheticWidgetReview.swift (in target 'CupSeason' from project 'CupSeason')

SwiftCompile normal arm64 Compiling\ BundledFaceTests.swift,\ CompeteExplorationTests.swift,\ CourseCardLeafTests.swift,\ CredentialHeadingTests.swift /tmp/cup-season-compete-identity-plan/apps/ios/CupSeasonTests/BundledFaceTests.swift /tmp/cup-season-compete-identity-plan/apps/ios/CupSeasonTests/CompeteExplorationTests.swift /tmp/cup-season-compete-identity-plan/apps/ios/CupSeasonTests/CourseCardLeafTests.swift /tmp/cup-season-compete-identity-plan/apps/ios/CupSeasonTests/CredentialHeadingTests.swift (in target 'CupSeasonTests' from project 'CupSeason')

SwiftCompile normal arm64 /tmp/cup-season-compete-identity-plan/apps/ios/CupSeasonTests/BundledFaceTests.swift (in target 'CupSeasonTests' from project 'CupSeason')
    cd /tmp/cup-season-compete-identity-plan/apps/ios
    builtin-SwiftPerFileCompile BundledFaceTests.swift

SwiftCompile normal arm64 /tmp/cup-season-compete-identity-plan/apps/ios/CupSeasonTests/CompeteExplorationTests.swift (in target 'CupSeasonTests' from project 'CupSeason')
    cd /tmp/cup-season-compete-identity-plan/apps/ios
    builtin-SwiftPerFileCompile CompeteExplorationTests.swift

SwiftCompile normal arm64 /tmp/cup-season-compete-identity-plan/apps/ios/CupSeasonTests/CourseCardLeafTests.swift (in target 'CupSeasonTests' from project 'CupSeason')
    cd /tmp/cup-season-compete-identity-plan/apps/ios
    builtin-SwiftPerFileCompile CourseCardLeafTests.swift

SwiftCompile normal arm64 /tmp/cup-season-compete-identity-plan/apps/ios/CupSeasonTests/CredentialHeadingTests.swift (in target 'CupSeasonTests' from project 'CupSeason')
    cd /tmp/cup-season-compete-identity-plan/apps/ios
    builtin-SwiftPerFileCompile CredentialHeadingTests.swift

SwiftCompile normal arm64 Compiling\ DeviceOnlyAuthStorageTests.swift,\ DoorLayoutTests.swift,\ DoorTests.swift,\ EventRoomModelTests.swift /tmp/cup-season-compete-identity-plan/apps/ios/CupSeasonTests/DeviceOnlyAuthStorageTests.swift /tmp/cup-season-compete-identity-plan/apps/ios/CupSeasonTests/DoorLayoutTests.swift /tmp/cup-season-compete-identity-plan/apps/ios/CupSeasonTests/DoorTests.swift /tmp/cup-season-compete-identity-plan/apps/ios/CupSeasonTests/EventRoomModelTests.swift (in target 'CupSeasonTests' from project 'CupSeason')
/tmp/cup-season-compete-identity-plan/apps/ios/CupSeasonTests/DoorTests.swift:64:28: warning: call to main actor-isolated static method 'heatStops' in a synchronous nonisolated context [#ActorIsolatedCall]
 61 |   /// §311–320 names this ramp as one of the four things that must survive; a
 62 |   /// future palette change cannot flatten it silently again.
 63 |   @Test func theHeatRampIsFourDISTINGUISHABLEStops() {
    |              `- note: add '@MainActor' to make instance method 'theHeatRampIsFourDISTINGUISHABLEStops()' part of global actor 'MainActor'
 64 |     let stops = ForgeFrame.heatStops(CSTokens.dark)
    |                            `- warning: call to main actor-isolated static method 'heatStops' in a synchronous nonisolated context [#ActorIsolatedCall]
 65 |     #expect(stops.count == 4)
 66 |     // four different values, and they CLIMB in luminance — an ember coming up

CupSeason.ForgeFrame.heatStops:2:33: note: calls to static method 'heatStops' from outside of its actor context are implicitly asynchronous
1 | struct ForgeFrame {
2 | @MainActor internal static func heatStops(_ p: CSDesign.CSPalette) -> [(String, Double, Color)]}
  |                                 `- note: calls to static method 'heatStops' from outside of its actor context are implicitly asynchronous
3 | 

[#ActorIsolatedCall]: <https://docs.swift.org/compiler/documentation/diagnostics/actor-isolated-call>

SwiftCompile normal arm64 /tmp/cup-season-compete-identity-plan/apps/ios/CupSeasonTests/DeviceOnlyAuthStorageTests.swift (in target 'CupSeasonTests' from project 'CupSeason')
    cd /tmp/cup-season-compete-identity-plan/apps/ios
    builtin-SwiftPerFileCompile DeviceOnlyAuthStorageTests.swift

SwiftCompile normal arm64 /tmp/cup-season-compete-identity-plan/apps/ios/CupSeasonTests/DoorLayoutTests.swift (in target 'CupSeasonTests' from project 'CupSeason')
    cd /tmp/cup-season-compete-identity-plan/apps/ios
    builtin-SwiftPerFileCompile DoorLayoutTests.swift

SwiftCompile normal arm64 /tmp/cup-season-compete-identity-plan/apps/ios/CupSeasonTests/DoorTests.swift (in target 'CupSeasonTests' from project 'CupSeason')
    cd /tmp/cup-season-compete-identity-plan/apps/ios
    builtin-SwiftPerFileCompile DoorTests.swift

SwiftCompile normal arm64 /tmp/cup-season-compete-identity-plan/apps/ios/CupSeasonTests/EventRoomModelTests.swift (in target 'CupSeasonTests' from project 'CupSeason')
    cd /tmp/cup-season-compete-identity-plan/apps/ios
    builtin-SwiftPerFileCompile EventRoomModelTests.swift

SwiftDriverJobDiscovery normal arm64 Compiling OfflineRoundFlowTests.swift, OwnerN4094BoardTests.swift, OwnerQ34LayoutTests.swift (in target 'CupSeasonTests' from project 'CupSeason')

SwiftCompile normal arm64 Compiling\ LiveActivityScoringTests.swift,\ LivePreselectTests.swift,\ LiveReadyTests.swift /tmp/cup-season-compete-identity-plan/apps/ios/CupSeasonTests/LiveActivityScoringTests.swift /tmp/cup-season-compete-identity-plan/apps/ios/CupSeasonTests/LivePreselectTests.swift /tmp/cup-season-compete-identity-plan/apps/ios/CupSeasonTests/LiveReadyTests.swift (in target 'CupSeasonTests' from project 'CupSeason')

SwiftCompile normal arm64 /tmp/cup-season-compete-identity-plan/apps/ios/CupSeasonTests/LiveActivityScoringTests.swift (in target 'CupSeasonTests' from project 'CupSeason')
    cd /tmp/cup-season-compete-identity-plan/apps/ios
    builtin-SwiftPerFileCompile LiveActivityScoringTests.swift

SwiftCompile normal arm64 /tmp/cup-season-compete-identity-plan/apps/ios/CupSeasonTests/LivePreselectTests.swift (in target 'CupSeasonTests' from project 'CupSeason')
    cd /tmp/cup-season-compete-identity-plan/apps/ios
    builtin-SwiftPerFileCompile LivePreselectTests.swift

SwiftCompile normal arm64 /tmp/cup-season-compete-identity-plan/apps/ios/CupSeasonTests/LiveReadyTests.swift (in target 'CupSeasonTests' from project 'CupSeason')
    cd /tmp/cup-season-compete-identity-plan/apps/ios
    builtin-SwiftPerFileCompile LiveReadyTests.swift

SwiftDriverJobDiscovery normal arm64 Compiling TertiaryTargetTests.swift, TrophyMarkTests.swift, WizardAgreementTests.swift (in target 'CupSeasonTests' from project 'CupSeason')

SwiftCompile normal arm64 Compiling\ AfterGolfPlanRouteTests.swift,\ AlbumModelTests.swift,\ BrandArtifactTests.swift,\ BudgetProbeTests.swift /tmp/cup-season-compete-identity-plan/apps/ios/CupSeasonTests/AfterGolfPlanRouteTests.swift /tmp/cup-season-compete-identity-plan/apps/ios/CupSeasonTests/AlbumModelTests.swift /tmp/cup-season-compete-identity-plan/apps/ios/CupSeasonTests/BrandArtifactTests.swift /tmp/cup-season-compete-identity-plan/apps/ios/CupSeasonTests/BudgetProbeTests.swift (in target 'CupSeasonTests' from project 'CupSeason')
/tmp/cup-season-compete-identity-plan/apps/ios/CupSeasonTests/AfterGolfPlanRouteTests.swift:18:24: warning: main actor-isolated property 'pending' can not be mutated from a nonisolated context
16 | 
17 |   override func tearDown() {
18 |     PlanHandoff.shared.pending = nil
   |                        `- warning: main actor-isolated property 'pending' can not be mutated from a nonisolated context
19 |     super.tearDown()
20 |   }

CupSeasonKit.PlanHandoff.pending:2:23: note: mutation of this property is only permitted within the actor
1 | class PlanHandoff {
2 | @MainActor public var pending: CupSeasonKit.PlanContext?}
  |                       `- note: mutation of this property is only permitted within the actor
3 | 

/tmp/cup-season-compete-identity-plan/apps/ios/CupSeasonTests/AfterGolfPlanRouteTests.swift:18:17: warning: main actor-isolated class property 'shared' can not be mutated from a nonisolated context
16 | 
17 |   override func tearDown() {
18 |     PlanHandoff.shared.pending = nil
   |                 `- warning: main actor-isolated class property 'shared' can not be mutated from a nonisolated context
19 |     super.tearDown()
20 |   }

CupSeasonKit.PlanHandoff.shared:2:29: note: mutation of this class property is only permitted within the actor
1 | class PlanHandoff {
2 | @MainActor public class let shared: CupSeasonKit.PlanHandoff}
  |                             `- note: mutation of this class property is only permitted within the actor
3 | 

/tmp/cup-season-compete-identity-plan/apps/ios/CupSeasonTests/AlbumModelTests.swift:88:13: warning: 'offline' mutated after capture by sendable closure
 74 |   func testARefreshThatFailsKeepsThePhotographsAndSaysSo() async {
 75 |     var attempts = 0
 76 |     var offline = false
    |         `- note: variable defined here
 77 |     let m = AlbumModel(leagueId: league) { _ in
    |                                          `- note: variable captured by sendable closure
 78 |       attempts += 1
 79 |       if attempts > 1 { throw offline ? URLError(.notConnectedToInternet) : Refused() }
    |                               `- note: capturing use
 80 |       return ([self.mate], [self.row(1), self.row(2), self.row(3)])
 81 |     }
    :
 86 |     XCTAssertEqual(m.rows.count, 3)
 87 |     XCTAssertEqual(m.refreshNote?.offline, false)
 88 |     offline = true
    |             `- warning: 'offline' mutated after capture by sendable closure
 89 |     await m.load()
 90 |     XCTAssertEqual(m.rows.count, 3)

SwiftCompile normal arm64 /tmp/cup-season-compete-identity-plan/apps/ios/CupSeasonTests/AfterGolfPlanRouteTests.swift (in target 'CupSeasonTests' from project 'CupSeason')
    cd /tmp/cup-season-compete-identity-plan/apps/ios
    builtin-SwiftPerFileCompile AfterGolfPlanRouteTests.swift

SwiftCompile normal arm64 /tmp/cup-season-compete-identity-plan/apps/ios/CupSeasonTests/AlbumModelTests.swift (in target 'CupSeasonTests' from project 'CupSeason')
    cd /tmp/cup-season-compete-identity-plan/apps/ios
    builtin-SwiftPerFileCompile AlbumModelTests.swift

SwiftCompile normal arm64 /tmp/cup-season-compete-identity-plan/apps/ios/CupSeasonTests/BrandArtifactTests.swift (in target 'CupSeasonTests' from project 'CupSeason')
    cd /tmp/cup-season-compete-identity-plan/apps/ios
    builtin-SwiftPerFileCompile BrandArtifactTests.swift

SwiftCompile normal arm64 /tmp/cup-season-compete-identity-plan/apps/ios/CupSeasonTests/BudgetProbeTests.swift (in target 'CupSeasonTests' from project 'CupSeason')
    cd /tmp/cup-season-compete-identity-plan/apps/ios
    builtin-SwiftPerFileCompile BudgetProbeTests.swift

SwiftDriverJobDiscovery normal arm64 Compiling BundledFaceTests.swift, CompeteExplorationTests.swift, CourseCardLeafTests.swift, CredentialHeadingTests.swift (in target 'CupSeasonTests' from project 'CupSeason')

SwiftCompile normal arm64 Compiling\ OwnerQ36MomentTests.swift,\ OwnerQ46FieldTests.swift,\ PostCameraColumnTests.swift /tmp/cup-season-compete-identity-plan/apps/ios/CupSeasonTests/OwnerQ36MomentTests.swift /tmp/cup-season-compete-identity-plan/apps/ios/CupSeasonTests/OwnerQ46FieldTests.swift /tmp/cup-season-compete-identity-plan/apps/ios/CupSeasonTests/PostCameraColumnTests.swift (in target 'CupSeasonTests' from project 'CupSeason')
macro expansion #expect:1:49: warning: main actor-isolated static property 'plateWidth' can not be referenced from a nonisolated context
`- /tmp/cup-season-compete-identity-plan/apps/ios/CupSeasonTests/PostCameraColumnTests.swift:29:79: note: expanded code originates here
26 | 
27 |   @Test("the plate is 3:2 in both registers, so a photograph is never two shapes")
28 |   func theRatioHolds() {
   |        `- note: add '@MainActor' to make instance method 'theRatioHolds()' part of global actor 'MainActor'
29 |     #expect(PostCameraColumn.plateWidth / PostCameraColumn.plateHeight == 1.5)
   |     `- note: in expansion of macro 'expect' here
   +--- macro expansion #expect ----------------------------------------
   |1 | Testing.__checkBinaryOperation(PostCameraColumn.plateWidth / PostCameraColumn.plateHeight,{ $0 == $1() },1.5,expression: .__fromBinaryOperation(.__fromSyntaxNode("PostCameraColumn.plateWidth / PostCameraColumn.plateHeight"),"==",.__fromSyntaxNode("1.5")),comments: [],isRequired: false,sourceLocation: Testing.SourceLocation.__here()).__expected()
   |  |                                                 `- warning: main actor-isolated static property 'plateWidth' can not be referenced from a nonisolated context
   +--------------------------------------------------------------------
30 |     #expect(PostCameraColumn.plateWidthA11y / PostCameraColumn.plateHeightA11y == 1.5)
31 |   }

CupSeason.PostCameraColumn.plateWidth:2:32: note: static property declared here
1 | struct PostCameraColumn {
2 | @MainActor internal static let plateWidth: CGFloat}
  |                                `- note: static property declared here
3 | 

macro expansion #expect:1:79: warning: main actor-isolated static property 'plateHeight' can not be referenced from a nonisolated context
`- /tmp/cup-season-compete-identity-plan/apps/ios/CupSeasonTests/PostCameraColumnTests.swift:29:79: note: expanded code originates here
26 | 
27 |   @Test("the plate is 3:2 in both registers, so a photograph is never two shapes")
28 |   func theRatioHolds() {
   |        `- note: add '@MainActor' to make instance method 'theRatioHolds()' part of global actor 'MainActor'
29 |     #expect(PostCameraColumn.plateWidth / PostCameraColumn.plateHeight == 1.5)
   |     `- note: in expansion of macro 'expect' here
   +--- macro expansion #expect ----------------------------------------
   |1 | Testing.__checkBinaryOperation(PostCameraColumn.plateWidth / PostCameraColumn.plateHeight,{ $0 == $1() },1.5,expression: .__fromBinaryOperation(.__fromSyntaxNode("PostCameraColumn.plateWidth / PostCameraColumn.plateHeight"),"==",.__fromSyntaxNode("1.5")),comments: [],isRequired: false,sourceLocation: Testing.SourceLocation.__here()).__expected()
   |  |                                                                               `- warning: main actor-isolated static property 'plateHeight' can not be referenced from a nonisolated context
   +--------------------------------------------------------------------
30 |     #expect(PostCameraColumn.plateWidthA11y / PostCameraColumn.plateHeightA11y == 1.5)
31 |   }

CupSeason.PostCameraColumn.plateHeight:2:32: note: static property declared here
1 | struct PostCameraColumn {
2 | @MainActor internal static let plateHeight: CGFloat}
  |                                `- note: static property declared here
3 | 

macro expansion #expect:1:49: warning: main actor-isolated static property 'plateWidthA11y' can not be referenced from a nonisolated context
`- /tmp/cup-season-compete-identity-plan/apps/ios/CupSeasonTests/PostCameraColumnTests.swift:30:87: note: expanded code originates here
26 | 
27 |   @Test("the plate is 3:2 in both registers, so a photograph is never two shapes")
28 |   func theRatioHolds() {
   |        `- note: add '@MainActor' to make instance method 'theRatioHolds()' part of global actor 'MainActor'
29 |     #expect(PostCameraColumn.plateWidth / PostCameraColumn.plateHeight == 1.5)
30 |     #expect(PostCameraColumn.plateWidthA11y / PostCameraColumn.plateHeightA11y == 1.5)
   |     `- note: in expansion of macro 'expect' here
   +--- macro expansion #expect ----------------------------------------
   |1 | Testing.__checkBinaryOperation(PostCameraColumn.plateWidthA11y / PostCameraColumn.plateHeightA11y,{ $0 == $1() },1.5,expression: .__fromBinaryOperation(.__fromSyntaxNode("PostCameraColumn.plateWidthA11y / PostCameraColumn.plateHeightA11y"),"==",.__fromSyntaxNode("1.5")),comments: [],isRequired: false,sourceLocation: Testing.SourceLocation.__here()).__expected()
   |  |                                                 `- warning: main actor-isolated static property 'plateWidthA11y' can not be referenced from a nonisolated context
   +--------------------------------------------------------------------
31 |   }
32 | 

CupSeason.PostCameraColumn.plateWidthA11y:2:32: note: static property declared here
1 | struct PostCameraColumn {
2 | @MainActor internal static let plateWidthA11y: CGFloat}
  |                                `- note: static property declared here
3 | 

macro expansion #expect:1:83: warning: main actor-isolated static property 'plateHeightA11y' can not be referenced from a nonisolated context
`- /tmp/cup-season-compete-identity-plan/apps/ios/CupSeasonTests/PostCameraColumnTests.swift:30:87: note: expanded code originates here
26 | 
27 |   @Test("the plate is 3:2 in both registers, so a photograph is never two shapes")
28 |   func theRatioHolds() {
   |        `- note: add '@MainActor' to make instance method 'theRatioHolds()' part of global actor 'MainActor'
29 |     #expect(PostCameraColumn.plateWidth / PostCameraColumn.plateHeight == 1.5)
30 |     #expect(PostCameraColumn.plateWidthA11y / PostCameraColumn.plateHeightA11y == 1.5)
   |     `- note: in expansion of macro 'expect' here
   +--- macro expansion #expect ----------------------------------------
   |1 | Testing.__checkBinaryOperation(PostCameraColumn.plateWidthA11y / PostCameraColumn.plateHeightA11y,{ $0 == $1() },1.5,expression: .__fromBinaryOperation(.__fromSyntaxNode("PostCameraColumn.plateWidthA11y / PostCameraColumn.plateHeightA11y"),"==",.__fromSyntaxNode("1.5")),comments: [],isRequired: false,sourceLocation: Testing.SourceLocation.__here()).__expected()
   |  |                                                                                   `- warning: main actor-isolated static property 'plateHeightA11y' can not be referenced from a nonisolated context
   +--------------------------------------------------------------------
31 |   }
32 | 

CupSeason.PostCameraColumn.plateHeightA11y:2:32: note: static property declared here
1 | struct PostCameraColumn {
2 | @MainActor internal static let plateHeightA11y: CGFloat}
  |                                `- note: static property declared here
3 | 

/tmp/cup-season-compete-identity-plan/apps/ios/CupSeasonTests/PostCameraColumnTests.swift:39:35: warning: main actor-isolated static property 'plateWidth' can not be referenced from a nonisolated context
36 |   /// so the pair has to FIT on the narrowest phone with the gutters on.
37 |   @Test("the number and the picture fit side by side on a 375pt phone")
38 |   func theTwoColumnsFitTheNarrowestPhone() {
   |        `- note: add '@MainActor' to make instance method 'theTwoColumnsFitTheNarrowestPhone()' part of global actor 'MainActor'
39 |     let needed = PostCameraColumn.plateWidth * 2 + CSTokens.Space.s3
   |                                   `- warning: main actor-isolated static property 'plateWidth' can not be referenced from a nonisolated context
40 |     #expect(needed <= Self.measure(Self.seWidth))
41 |     #expect(needed <= Self.measure(Self.proWidth))

CupSeason.PostCameraColumn.plateWidth:2:32: note: static property declared here
1 | struct PostCameraColumn {
2 | @MainActor internal static let plateWidth: CGFloat}
  |                                `- note: static property declared here
3 | 

/tmp/cup-season-compete-identity-plan/apps/ios/CupSeasonTests/PostCameraColumnTests.swift:53:35: warning: main actor-isolated static property 'plateHeight' can not be referenced from a nonisolated context
49 |   /// scroll again and this change has quietly undone itself.
50 |   @Test("the whole camera column clears an SE keypad")
51 |   func theCameraIsAboveTheFoldWithTheKeypadUp() {
   |        `- note: add '@MainActor' to make instance method 'theCameraIsAboveTheFoldWithTheKeypadUp()' part of global actor 'MainActor'
52 |     let eyebrow: CGFloat = 20
53 |     let column = PostCameraColumn.plateHeight + CSTokens.Space.s2 + CSTokens.Space.rail
   |                                   `- warning: main actor-isolated static property 'plateHeight' can not be referenced from a nonisolated context
54 |     #expect(eyebrow + column <= 216)
55 |   }

CupSeason.PostCameraColumn.plateHeight:2:32: note: static property declared here
1 | struct PostCameraColumn {
2 | @MainActor internal static let plateHeight: CGFloat}
  |                                `- note: static property declared here
3 | 

macro expansion #expect:1:49: warning: main actor-isolated static property 'plateHeightA11y' can not be referenced from a nonisolated context
`- /tmp/cup-season-compete-identity-plan/apps/ios/CupSeasonTests/PostCameraColumnTests.swift:62:77: note: expanded code originates here
59 |   /// picture SMALLER than it is at a reading size, which would be backwards.
60 |   @Test("the accessibility plate is bigger than the reading one and still capped")
61 |   func theAccessibilityCapIsRealAndPointsTheRightWay() {
   |        `- note: add '@MainActor' to make instance method 'theAccessibilityCapIsRealAndPointsTheRightWay()' part of global actor 'MainActor'
62 |     #expect(PostCameraColumn.plateHeightA11y > PostCameraColumn.plateHeight)
   |     `- note: in expansion of macro 'expect' here
   +--- macro expansion #expect ----------------------------------------
   |1 | Testing.__checkBinaryOperation(PostCameraColumn.plateHeightA11y,{ $0 > $1() },PostCameraColumn.plateHeight,expression: .__fromBinaryOperation(.__fromSyntaxNode("PostCameraColumn.plateHeightA11y"),">",.__fromSyntaxNode("PostCameraColumn.plateHeight")),comments: [],isRequired: false,sourceLocation: Testing.SourceLocation.__here()).__expected()
   |  |                                                 `- warning: main actor-isolated static property 'plateHeightA11y' can not be referenced from a nonisolated context
   +--------------------------------------------------------------------
63 |     #expect(PostCameraColumn.plateHeightA11y < Self.measure(Self.seWidth) / 1.5)
64 |     #expect(PostCameraColumn.plateWidthA11y <= Self.measure(Self.seWidth))

CupSeason.PostCameraColumn.plateHeightA11y:2:32: note: static property declared here
1 | struct PostCameraColumn {
2 | @MainActor internal static let plateHeightA11y: CGFloat}
  |                                `- note: static property declared here
3 | 

macro expansion #expect:1:96: warning: main actor-isolated static property 'plateHeight' can not be referenced from a nonisolated autoclosure
`- /tmp/cup-season-compete-identity-plan/apps/ios/CupSeasonTests/PostCameraColumnTests.swift:62:77: note: expanded code originates here
60 |   @Test("the accessibility plate is bigger than the reading one and still capped")
61 |   func theAccessibilityCapIsRealAndPointsTheRightWay() {
62 |     #expect(PostCameraColumn.plateHeightA11y > PostCameraColumn.plateHeight)
   |     `- note: in expansion of macro 'expect' here
   +--- macro expansion #expect ----------------------------------------
   |1 | Testing.__checkBinaryOperation(PostCameraColumn.plateHeightA11y,{ $0 > $1() },PostCameraColumn.plateHeight,expression: .__fromBinaryOperation(.__fromSyntaxNode("PostCameraColumn.plateHeightA11y"),">",.__fromSyntaxNode("PostCameraColumn.plateHeight")),comments: [],isRequired: false,sourceLocation: Testing.SourceLocation.__here()).__expected()
   |  |                                                                                                `- warning: main actor-isolated static property 'plateHeight' can not be referenced from a nonisolated autoclosure
   +--------------------------------------------------------------------
63 |     #expect(PostCameraColumn.plateHeightA11y < Self.measure(Self.seWidth) / 1.5)
64 |     #expect(PostCameraColumn.plateWidthA11y <= Self.measure(Self.seWidth))

CupSeason.PostCameraColumn.plateHeight:2:32: note: static property declared here
1 | struct PostCameraColumn {
2 | @MainActor internal static let plateHeight: CGFloat}
  |                                `- note: static property declared here
3 | 

macro expansion #expect:1:49: warning: main actor-isolated static property 'plateHeightA11y' can not be referenced from a nonisolated context
`- /tmp/cup-season-compete-identity-plan/apps/ios/CupSeasonTests/PostCameraColumnTests.swift:63:81: note: expanded code originates here
59 |   /// picture SMALLER than it is at a reading size, which would be backwards.
60 |   @Test("the accessibility plate is bigger than the reading one and still capped")
61 |   func theAccessibilityCapIsRealAndPointsTheRightWay() {
   |        `- note: add '@MainActor' to make instance method 'theAccessibilityCapIsRealAndPointsTheRightWay()' part of global actor 'MainActor'
62 |     #expect(PostCameraColumn.plateHeightA11y > PostCameraColumn.plateHeight)
63 |     #expect(PostCameraColumn.plateHeightA11y < Self.measure(Self.seWidth) / 1.5)
   |     `- note: in expansion of macro 'expect' here
   +--- macro expansion #expect ----------------------------------------
   |1 | Testing.__checkBinaryOperation(PostCameraColumn.plateHeightA11y,{ $0 < $1() },Self.measure(Self.seWidth) / 1.5,expression: .__fromBinaryOperation(.__fromSyntaxNode("PostCameraColumn.plateHeightA11y"),"<",.__fromSyntaxNode("Self.measure(Self.seWidth) / 1.5")),comments: [],isRequired: false,sourceLocation: Testing.SourceLocation.__here()).__expected()
   |  |                                                 `- warning: main actor-isolated static property 'plateHeightA11y' can not be referenced from a nonisolated context
   +--------------------------------------------------------------------
64 |     #expect(PostCameraColumn.plateWidthA11y <= Self.measure(Self.seWidth))
65 |   }

CupSeason.PostCameraColumn.plateHeightA11y:2:32: note: static property declared here
1 | struct PostCameraColumn {
2 | @MainActor internal static let plateHeightA11y: CGFloat}
  |                                `- note: static property declared here
3 | 

macro expansion #expect:1:49: warning: main actor-isolated static property 'plateWidthA11y' can not be referenced from a nonisolated context
`- /tmp/cup-season-compete-identity-plan/apps/ios/CupSeasonTests/PostCameraColumnTests.swift:64:75: note: expanded code originates here
59 |   /// picture SMALLER than it is at a reading size, which would be backwards.
60 |   @Test("the accessibility plate is bigger than the reading one and still capped")
61 |   func theAccessibilityCapIsRealAndPointsTheRightWay() {
   |        `- note: add '@MainActor' to make instance method 'theAccessibilityCapIsRealAndPointsTheRightWay()' part of global actor 'MainActor'
62 |     #expect(PostCameraColumn.plateHeightA11y > PostCameraColumn.plateHeight)
63 |     #expect(PostCameraColumn.plateHeightA11y < Self.measure(Self.seWidth) / 1.5)
64 |     #expect(PostCameraColumn.plateWidthA11y <= Self.measure(Self.seWidth))
   |     `- note: in expansion of macro 'expect' here
   +--- macro expansion #expect ----------------------------------------
   |1 | Testing.__checkBinaryOperation(PostCameraColumn.plateWidthA11y,{ $0 <= $1() },Self.measure(Self.seWidth),expression: .__fromBinaryOperation(.__fromSyntaxNode("PostCameraColumn.plateWidthA11y"),"<=",.__fromSyntaxNode("Self.measure(Self.seWidth)")),comments: [],isRequired: false,sourceLocation: Testing.SourceLocation.__here()).__expected()
   |  |                                                 `- warning: main actor-isolated static property 'plateWidthA11y' can not be referenced from a nonisolated context
   +--------------------------------------------------------------------
65 |   }
66 | 

CupSeason.PostCameraColumn.plateWidthA11y:2:32: note: static property declared here
1 | struct PostCameraColumn {
2 | @MainActor internal static let plateWidthA11y: CGFloat}
  |                                `- note: static property declared here
3 | 

SwiftCompile normal arm64 /tmp/cup-season-compete-identity-plan/apps/ios/CupSeasonTests/OwnerQ36MomentTests.swift (in target 'CupSeasonTests' from project 'CupSeason')
    cd /tmp/cup-season-compete-identity-plan/apps/ios
    builtin-SwiftPerFileCompile OwnerQ36MomentTests.swift

SwiftCompile normal arm64 /tmp/cup-season-compete-identity-plan/apps/ios/CupSeasonTests/OwnerQ46FieldTests.swift (in target 'CupSeasonTests' from project 'CupSeason')
    cd /tmp/cup-season-compete-identity-plan/apps/ios
    builtin-SwiftPerFileCompile OwnerQ46FieldTests.swift

SwiftCompile normal arm64 /tmp/cup-season-compete-identity-plan/apps/ios/CupSeasonTests/PostCameraColumnTests.swift (in target 'CupSeasonTests' from project 'CupSeason')
    cd /tmp/cup-season-compete-identity-plan/apps/ios
    builtin-SwiftPerFileCompile PostCameraColumnTests.swift

SwiftDriverJobDiscovery normal arm64 Compiling DeviceOnlyAuthStorageTests.swift, DoorLayoutTests.swift, DoorTests.swift, EventRoomModelTests.swift (in target 'CupSeasonTests' from project 'CupSeason')

SwiftCompile normal arm64 Compiling\ HomeCommentsDoorTests.swift,\ HomePhotoStoreTests.swift,\ HostedLayout.swift /tmp/cup-season-compete-identity-plan/apps/ios/CupSeasonTests/HomeCommentsDoorTests.swift /tmp/cup-season-compete-identity-plan/apps/ios/CupSeasonTests/HomePhotoStoreTests.swift /tmp/cup-season-compete-identity-plan/apps/ios/CupSeasonTests/HostedLayout.swift (in target 'CupSeasonTests' from project 'CupSeason')

SwiftCompile normal arm64 /tmp/cup-season-compete-identity-plan/apps/ios/CupSeasonTests/HomeCommentsDoorTests.swift (in target 'CupSeasonTests' from project 'CupSeason')
    cd /tmp/cup-season-compete-identity-plan/apps/ios
    builtin-SwiftPerFileCompile HomeCommentsDoorTests.swift

SwiftCompile normal arm64 /tmp/cup-season-compete-identity-plan/apps/ios/CupSeasonTests/HomePhotoStoreTests.swift (in target 'CupSeasonTests' from project 'CupSeason')
    cd /tmp/cup-season-compete-identity-plan/apps/ios
    builtin-SwiftPerFileCompile HomePhotoStoreTests.swift

SwiftCompile normal arm64 /tmp/cup-season-compete-identity-plan/apps/ios/CupSeasonTests/HostedLayout.swift (in target 'CupSeasonTests' from project 'CupSeason')
    cd /tmp/cup-season-compete-identity-plan/apps/ios
    builtin-SwiftPerFileCompile HostedLayout.swift

SwiftDriverJobDiscovery normal arm64 Compiling LiveActivityScoringTests.swift, LivePreselectTests.swift, LiveReadyTests.swift (in target 'CupSeasonTests' from project 'CupSeason')

SwiftCompile normal arm64 Compiling\ CompeteExplorationData.swift,\ CompeteExplorationView.swift,\ CompeteFixture.swift,\ CompeteScoreboard.swift,\ CompeteScreen.swift,\ CompeteSelectedFixture.swift,\ CountingRoundsSheet.swift,\ CourseCardLeaf.swift,\ CourseCircleSection.swift,\ CourseHomeScreen.swift,\ CourseScreen.swift,\ CourseSearchReveal.swift,\ CoursesScreen.swift,\ CredentialDev.swift,\ CrewStep.swift,\ CupFinalRaceView.swift,\ CupSeasonApp.swift,\ DeclareRoundSheet.swift,\ DeveloperHarness.swift,\ DoorAppleButton.swift /tmp/cup-season-compete-identity-plan/apps/ios/CupSeason/Compete/CompeteExplorationData.swift /tmp/cup-season-compete-identity-plan/apps/ios/CupSeason/Compete/CompeteExplorationView.swift /tmp/cup-season-compete-identity-plan/apps/ios/CupSeason/Compete/CompeteFixture.swift /tmp/cup-season-compete-identity-plan/apps/ios/CupSeason/Compete/CompeteScoreboard.swift /tmp/cup-season-compete-identity-plan/apps/ios/CupSeason/Compete/CompeteScreen.swift /tmp/cup-season-compete-identity-plan/apps/ios/CupSeason/Compete/CompeteSelectedFixture.swift /tmp/cup-season-compete-identity-plan/apps/ios/CupSeason/Rounds/CountingRoundsSheet.swift /tmp/cup-season-compete-identity-plan/apps/ios/CupSeason/Courses/CourseCardLeaf.swift /tmp/cup-season-compete-identity-plan/apps/ios/CupSeason/Courses/CourseCircleSection.swift /tmp/cup-season-compete-identity-plan/apps/ios/CupSeason/Courses/CourseHomeScreen.swift /tmp/cup-season-compete-identity-plan/apps/ios/CupSeason/Courses/CourseScreen.swift /tmp/cup-season-compete-identity-plan/apps/ios/CupSeason/Courses/CourseSearchReveal.swift /tmp/cup-season-compete-identity-plan/apps/ios/CupSeason/Courses/CoursesScreen.swift /tmp/cup-season-compete-identity-plan/apps/ios/CupSeason/You/CredentialDev.swift /tmp/cup-season-compete-identity-plan/apps/ios/CupSeason/Onboarding/CrewStep.swift /tmp/cup-season-compete-identity-plan/apps/ios/CupSeason/League/CupFinalRaceView.swift /tmp/cup-season-compete-identity-plan/apps/ios/CupSeason/CupSeasonApp.swift /tmp/cup-season-compete-identity-plan/apps/ios/CupSeason/Schedule/DeclareRoundSheet.swift /tmp/cup-season-compete-identity-plan/apps/ios/CupSeason/Dev/DeveloperHarness.swift /tmp/cup-season-compete-identity-plan/apps/ios/CupSeason/Door/DoorAppleButton.swift (in target 'CupSeason' from project 'CupSeason')

SwiftCompile normal arm64 /tmp/cup-season-compete-identity-plan/apps/ios/CupSeason/Compete/CompeteExplorationData.swift (in target 'CupSeason' from project 'CupSeason')
    cd /tmp/cup-season-compete-identity-plan/apps/ios
    builtin-SwiftPerFileCompile CompeteExplorationData.swift

SwiftCompile normal arm64 /tmp/cup-season-compete-identity-plan/apps/ios/CupSeason/Compete/CompeteExplorationView.swift (in target 'CupSeason' from project 'CupSeason')
    cd /tmp/cup-season-compete-identity-plan/apps/ios
    builtin-SwiftPerFileCompile CompeteExplorationView.swift

SwiftCompile normal arm64 /tmp/cup-season-compete-identity-plan/apps/ios/CupSeason/Compete/CompeteFixture.swift (in target 'CupSeason' from project 'CupSeason')
    cd /tmp/cup-season-compete-identity-plan/apps/ios
    builtin-SwiftPerFileCompile CompeteFixture.swift

SwiftCompile normal arm64 /tmp/cup-season-compete-identity-plan/apps/ios/CupSeason/Compete/CompeteScoreboard.swift (in target 'CupSeason' from project 'CupSeason')
    cd /tmp/cup-season-compete-identity-plan/apps/ios
    builtin-SwiftPerFileCompile CompeteScoreboard.swift

SwiftCompile normal arm64 /tmp/cup-season-compete-identity-plan/apps/ios/CupSeason/Compete/CompeteScreen.swift (in target 'CupSeason' from project 'CupSeason')
    cd /tmp/cup-season-compete-identity-plan/apps/ios
    builtin-SwiftPerFileCompile CompeteScreen.swift

SwiftCompile normal arm64 /tmp/cup-season-compete-identity-plan/apps/ios/CupSeason/Compete/CompeteSelectedFixture.swift (in target 'CupSeason' from project 'CupSeason')
    cd /tmp/cup-season-compete-identity-plan/apps/ios
    builtin-SwiftPerFileCompile CompeteSelectedFixture.swift

SwiftCompile normal arm64 /tmp/cup-season-compete-identity-plan/apps/ios/CupSeason/Rounds/CountingRoundsSheet.swift (in target 'CupSeason' from project 'CupSeason')
    cd /tmp/cup-season-compete-identity-plan/apps/ios
    builtin-SwiftPerFileCompile CountingRoundsSheet.swift

SwiftCompile normal arm64 /tmp/cup-season-compete-identity-plan/apps/ios/CupSeason/Courses/CourseCardLeaf.swift (in target 'CupSeason' from project 'CupSeason')
    cd /tmp/cup-season-compete-identity-plan/apps/ios
    builtin-SwiftPerFileCompile CourseCardLeaf.swift

SwiftCompile normal arm64 /tmp/cup-season-compete-identity-plan/apps/ios/CupSeason/Courses/CourseCircleSection.swift (in target 'CupSeason' from project 'CupSeason')
    cd /tmp/cup-season-compete-identity-plan/apps/ios
    builtin-SwiftPerFileCompile CourseCircleSection.swift

SwiftCompile normal arm64 /tmp/cup-season-compete-identity-plan/apps/ios/CupSeason/Courses/CourseHomeScreen.swift (in target 'CupSeason' from project 'CupSeason')
    cd /tmp/cup-season-compete-identity-plan/apps/ios
    builtin-SwiftPerFileCompile CourseHomeScreen.swift

SwiftCompile normal arm64 /tmp/cup-season-compete-identity-plan/apps/ios/CupSeason/Courses/CourseScreen.swift (in target 'CupSeason' from project 'CupSeason')
    cd /tmp/cup-season-compete-identity-plan/apps/ios
    builtin-SwiftPerFileCompile CourseScreen.swift

SwiftCompile normal arm64 /tmp/cup-season-compete-identity-plan/apps/ios/CupSeason/Courses/CourseSearchReveal.swift (in target 'CupSeason' from project 'CupSeason')
    cd /tmp/cup-season-compete-identity-plan/apps/ios
    builtin-SwiftPerFileCompile CourseSearchReveal.swift

SwiftCompile normal arm64 /tmp/cup-season-compete-identity-plan/apps/ios/CupSeason/Courses/CoursesScreen.swift (in target 'CupSeason' from project 'CupSeason')
    cd /tmp/cup-season-compete-identity-plan/apps/ios
    builtin-SwiftPerFileCompile CoursesScreen.swift

SwiftCompile normal arm64 /tmp/cup-season-compete-identity-plan/apps/ios/CupSeason/You/CredentialDev.swift (in target 'CupSeason' from project 'CupSeason')
    cd /tmp/cup-season-compete-identity-plan/apps/ios
    builtin-SwiftPerFileCompile CredentialDev.swift

SwiftCompile normal arm64 /tmp/cup-season-compete-identity-plan/apps/ios/CupSeason/Onboarding/CrewStep.swift (in target 'CupSeason' from project 'CupSeason')
    cd /tmp/cup-season-compete-identity-plan/apps/ios
    builtin-SwiftPerFileCompile CrewStep.swift

SwiftCompile normal arm64 /tmp/cup-season-compete-identity-plan/apps/ios/CupSeason/League/CupFinalRaceView.swift (in target 'CupSeason' from project 'CupSeason')
    cd /tmp/cup-season-compete-identity-plan/apps/ios
    builtin-SwiftPerFileCompile CupFinalRaceView.swift

SwiftCompile normal arm64 /tmp/cup-season-compete-identity-plan/apps/ios/CupSeason/CupSeasonApp.swift (in target 'CupSeason' from project 'CupSeason')
    cd /tmp/cup-season-compete-identity-plan/apps/ios
    builtin-SwiftPerFileCompile CupSeasonApp.swift

SwiftCompile normal arm64 /tmp/cup-season-compete-identity-plan/apps/ios/CupSeason/Schedule/DeclareRoundSheet.swift (in target 'CupSeason' from project 'CupSeason')
    cd /tmp/cup-season-compete-identity-plan/apps/ios
    builtin-SwiftPerFileCompile DeclareRoundSheet.swift

SwiftCompile normal arm64 /tmp/cup-season-compete-identity-plan/apps/ios/CupSeason/Dev/DeveloperHarness.swift (in target 'CupSeason' from project 'CupSeason')
    cd /tmp/cup-season-compete-identity-plan/apps/ios
    builtin-SwiftPerFileCompile DeveloperHarness.swift

SwiftCompile normal arm64 /tmp/cup-season-compete-identity-plan/apps/ios/CupSeason/Door/DoorAppleButton.swift (in target 'CupSeason' from project 'CupSeason')
    cd /tmp/cup-season-compete-identity-plan/apps/ios
    builtin-SwiftPerFileCompile DoorAppleButton.swift

SwiftDriverJobDiscovery normal arm64 Compiling OwnerQ36MomentTests.swift, OwnerQ46FieldTests.swift, PostCameraColumnTests.swift (in target 'CupSeasonTests' from project 'CupSeason')

SwiftDriverJobDiscovery normal arm64 Compiling AfterGolfPlanRouteTests.swift, AlbumModelTests.swift, BrandArtifactTests.swift, BudgetProbeTests.swift (in target 'CupSeasonTests' from project 'CupSeason')

ExtractAppIntentsMetadata (in target 'CupSeasonKitTests-product' from project 'CupSeasonKit')
    cd /tmp/cup-season-compete-identity-plan/apps/ios/Packages/CupSeasonKit
    /Applications/Xcode.app/Contents/Developer/Toolchains/XcodeDefault.xctoolchain/usr/bin/appintentsmetadataprocessor --toolchain-dir /Applications/Xcode.app/Contents/Developer/Toolchains/XcodeDefault.xctoolchain --module-name CupSeasonKitTests --sdk-root /Applications/Xcode.app/Contents/Developer/Platforms/iPhoneSimulator.platform/Developer/SDKs/iPhoneSimulator27.0.sdk --xcode-version 27A266a --platform-family iOS --deployment-target 17.0 --bundle-identifier cupseasonkit.CupSeasonKitTests --output /tmp/club-spread-build/Build/Products/Debug-iphonesimulator/CupSeasonKitTests.xctest --target-triple arm64-apple-ios17.0-simulator --binary-file /tmp/club-spread-build/Build/Products/Debug-iphonesimulator/CupSeasonKitTests.xctest/CupSeasonKitTests --dependency-file /tmp/club-spread-build/Build/Intermediates.noindex/CupSeasonKit.build/Debug-iphonesimulator/CupSeasonKitTests-p.build/Objects-normal/arm64/CupSeasonKitTests_dependency_info.dat --stringsdata-file /tmp/club-spread-build/Build/Intermediates.noindex/CupSeasonKit.build/Debug-iphonesimulator/CupSeasonKitTests-p.build/Objects-normal/arm64/ExtractedAppShortcutsMetadata.stringsdata --source-file-list /tmp/club-spread-build/Build/Intermediates.noindex/CupSeasonKit.build/Debug-iphonesimulator/CupSeasonKitTests-p.build/Objects-normal/arm64/CupSeasonKitTests.SwiftFileList --metadata-file-list /tmp/club-spread-build/Build/Intermediates.noindex/CupSeasonKit.build/Debug-iphonesimulator/CupSeasonKitTests-p.build/CupSeasonKitTests.DependencyMetadataFileList --static-metadata-file-list /tmp/club-spread-build/Build/Intermediates.noindex/CupSeasonKit.build/Debug-iphonesimulator/CupSeasonKitTests-p.build/CupSeasonKitTests.DependencyStaticMetadataFileList --swift-const-vals-list /tmp/club-spread-build/Build/Intermediates.noindex/CupSeasonKit.build/Debug-iphonesimulator/CupSeasonKitTests-p.build/Objects-normal/arm64/CupSeasonKitTests.SwiftConstValuesFileList --compile-time-extraction --deployment-aware-processing --no-app-shortcuts-localization
2026-09-30 19:10:40.847 appintentsmetadataprocessor[80673:51292675] Starting appintentsmetadataprocessor export
2026-09-30 19:10:40.918 appintentsmetadataprocessor[80673:51292675] Extracted no relevant App Intents symbols, skipping writing output

CopySwiftLibs /tmp/club-spread-build/Build/Products/Debug-iphonesimulator/CupSeasonKitTests.xctest (in target 'CupSeasonKitTests-product' from project 'CupSeasonKit')
    cd /tmp/cup-season-compete-identity-plan/apps/ios/Packages/CupSeasonKit
    builtin-swiftStdLibTool --copy --verbose --sign - --scan-executable /tmp/club-spread-build/Build/Products/Debug-iphonesimulator/CupSeasonKitTests.xctest/CupSeasonKitTests --scan-folder /tmp/club-spread-build/Build/Products/Debug-iphonesimulator/CupSeasonKitTests.xctest/Frameworks --scan-folder /tmp/club-spread-build/Build/Products/Debug-iphonesimulator/CupSeasonKitTests.xctest/PlugIns --scan-folder /tmp/club-spread-build/Build/Products/Debug-iphonesimulator/CupSeasonKitTests.xctest/SystemExtensions --scan-folder /tmp/club-spread-build/Build/Products/Debug-iphonesimulator/CupSeasonKitTests.xctest/Extensions --platform iphonesimulator --toolchain /Applications/Xcode.app/Contents/Developer/Toolchains/XcodeDefault.xctoolchain --destination /tmp/club-spread-build/Build/Products/Debug-iphonesimulator/CupSeasonKitTests.xctest/Frameworks --strip-bitcode --scan-executable /Applications/Xcode.app/Contents/Developer/Platforms/iPhoneSimulator.platform/Developer/usr/lib/libXCTestSwiftSupport.dylib --strip-bitcode-tool /Applications/Xcode.app/Contents/Developer/Toolchains/XcodeDefault.xctoolchain/usr/bin/bitcode_strip --emit-dependency-info /tmp/club-spread-build/Build/Intermediates.noindex/CupSeasonKit.build/Debug-iphonesimulator/CupSeasonKitTests-p.build/SwiftStdLibToolInputDependencies.dep --filter-for-swift-os

SwiftDriverJobDiscovery normal arm64 Compiling HomeCommentsDoorTests.swift, HomePhotoStoreTests.swift, HostedLayout.swift (in target 'CupSeasonTests' from project 'CupSeason')

SwiftDriver\ Compilation CupSeasonTests normal arm64 com.apple.xcode.tools.swift.compiler (in target 'CupSeasonTests' from project 'CupSeason')
    cd /tmp/cup-season-compete-identity-plan/apps/ios
    builtin-Swift-Compilation -- /Applications/Xcode.app/Contents/Developer/Toolchains/XcodeDefault.xctoolchain/usr/bin/swiftc -module-name CupSeasonTests -Onone @/tmp/club-spread-build/Build/Intermediates.noindex/CupSeason.build/Debug-iphonesimulator/CupSeasonTests.build/Objects-normal/arm64/CupSeasonTests.SwiftFileList -DDEBUG -plugin-path /Applications/Xcode.app/Contents/Developer/Toolchains/XcodeDefault.xctoolchain/usr/lib/swift/host/plugins/testing -enable-experimental-feature DebugDescriptionMacro -sdk /Applications/Xcode.app/Contents/Developer/Platforms/iPhoneSimulator.platform/Developer/SDKs/iPhoneSimulator27.0.sdk -target arm64-apple-ios17.0-simulator -g -module-cache-path /tmp/club-spread-build/ModuleCache.noindex -Xfrontend -serialize-debugging-options -enable-testing -index-store-path /tmp/club-spread-build/Index.noindex/DataStore -Xcc -D_LIBCPP_HARDENING_MODE\=_LIBCPP_HARDENING_MODE_DEBUG -swift-version 6 -I /tmp/club-spread-build/Build/Products/Debug-iphonesimulator -Isystem /Applications/Xcode.app/Contents/Developer/Platforms/iPhoneSimulator.platform/Developer/usr/lib -F /tmp/club-spread-build/Build/Products/Debug-iphonesimulator/PackageFrameworks -F /tmp/club-spread-build/Build/Products/Debug-iphonesimulator -F /Applications/Xcode.app/Contents/Developer/Platforms/iPhoneSimulator.platform/Developer/Library/Frameworks -F /Applications/Xcode.app/Contents/Developer/Platforms/iPhoneSimulator.platform/Developer/SDKs/iPhoneSimulator27.0.sdk/Developer/Library/Frameworks -c -j10 -enable-batch-mode -incremental -Xcc -ivfsstatcache -Xcc /tmp/club-spread-build/SDKStatCaches.noindex/iphonesimulator27.0-24A430-8dc58220667be655e1bcc261a7455254.sdkstatcache -output-file-map /tmp/club-spread-build/Build/Intermediates.noindex/CupSeason.build/Debug-iphonesimulator/CupSeasonTests.build/Objects-normal/arm64/CupSeasonTests-OutputFileMap.json -save-temps -no-color-diagnostics -explicit-module-build -module-cache-path /tmp/club-spread-build/Build/Intermediates.noindex/SwiftExplicitPrecompiledModules -clang-scanner-module-cache-path /tmp/club-spread-build/ModuleCache.noindex -sdk-module-cache-path /tmp/club-spread-build/SDKExplicitPrecompiledModules -emit-dependencies -emit-module -emit-module-path /tmp/club-spread-build/Build/Intermediates.noindex/CupSeason.build/Debug-iphonesimulator/CupSeasonTests.build/Objects-normal/arm64/CupSeasonTests.swiftmodule -serialize-diagnostics -dependency-scan-serialize-diagnostics-path /tmp/club-spread-build/Build/Intermediates.noindex/CupSeason.build/Debug-iphonesimulator/CupSeasonTests.build/Objects-normal/arm64/CupSeasonTests-dependency-scan.dia -validate-clang-modules-once -clang-build-session-file /tmp/club-spread-build/ModuleCache.noindex/Session.modulevalidation -Xcc -fmodules-prune-interval\=86400 -Xcc -fmodules-prune-after\=345600 -emit-const-values -const-gather-protocols-list /tmp/club-spread-build/Build/Intermediates.noindex/CupSeason.build/Debug-iphonesimulator/CupSeasonTests.build/Objects-normal/arm64/CupSeasonTests_const_extract_protocols.json -Xcc -iquote -Xcc /tmp/club-spread-build/Build/Intermediates.noindex/CupSeason.build/Debug-iphonesimulator/CupSeasonTests.build/CupSeasonTests-generated-files.hmap -Xcc -I/tmp/club-spread-build/Build/Intermediates.noindex/CupSeason.build/Debug-iphonesimulator/CupSeasonTests.build/CupSeasonTests-own-target-headers.hmap -Xcc -I/tmp/club-spread-build/Build/Intermediates.noindex/CupSeason.build/Debug-iphonesimulator/CupSeasonTests.build/CupSeasonTests-all-non-framework-target-headers.hmap -Xcc -ivfsoverlay -Xcc /tmp/club-spread-build/Build/Intermediates.noindex/CupSeason.build/Debug-iphonesimulator/CupSeason-26ac0422e5a2dad00507856b52f4ad6b-VFS-iphonesimulator/all-product-headers.yaml -Xcc -iquote -Xcc /tmp/club-spread-build/Build/Intermediates.noindex/CupSeason.build/Debug-iphonesimulator/CupSeasonTests.build/CupSeasonTests-project-headers.hmap -Xcc -I/tmp/club-spread-build/Build/Products/Debug-iphonesimulator/include -Xcc -I/tmp/club-spread-build/Build/Intermediates.noindex/CupSeason.build/Debug-iphonesimulator/CupSeasonTests.build/DerivedSources-normal/arm64 -Xcc -I/tmp/club-spread-build/Build/Intermediates.noindex/CupSeason.build/Debug-iphonesimulator/CupSeasonTests.build/DerivedSources/arm64 -Xcc -I/tmp/club-spread-build/Build/Intermediates.noindex/CupSeason.build/Debug-iphonesimulator/CupSeasonTests.build/DerivedSources -Xcc -DDEBUG\=1 -emit-objc-header -emit-objc-header-path /tmp/club-spread-build/Build/Intermediates.noindex/CupSeason.build/Debug-iphonesimulator/CupSeasonTests.build/Objects-normal/arm64/CupSeasonTests-Swift.h -working-directory /tmp/cup-season-compete-identity-plan/apps/ios -experimental-emit-module-separately -disable-cmo

CodeSign /tmp/club-spread-build/Build/Products/Debug-iphonesimulator/CupSeasonKitTests.xctest (in target 'CupSeasonKitTests-product' from project 'CupSeasonKit')
    cd /tmp/cup-season-compete-identity-plan/apps/ios/Packages/CupSeasonKit
    
    Signing Identity:     "Sign to Run Locally"
    
    /usr/bin/codesign --force --sign - --timestamp\=none --generate-entitlement-der /tmp/club-spread-build/Build/Products/Debug-iphonesimulator/CupSeasonKitTests.xctest

SwiftDriverJobDiscovery normal arm64 Compiling LiveActivityRoute.swift, LiveActivityScoring.swift, LiveCardView.swift, LiveFinishViews.swift, LiveHoleMoment.swift, LiveIslandReviewFixture.swift, LiveMatchActivityView.swift, LiveNowBar.swift, LivePlayView.swift, LiveRoundHost.swift, LiveRoundStore.swift, LiveScoreIntent.swift, LiveSetupView.swift, LookRows.swift, MainTabView.swift, MajorJugCard.swift, MajorRoomView.swift, MajorSetupSheet.swift, MatchProgrammeFixture.swift, MembersSheet.swift (in target 'CupSeason' from project 'CupSeason')

SwiftDriverJobDiscovery normal arm64 Compiling CompeteExplorationData.swift, CompeteExplorationView.swift, CompeteFixture.swift, CompeteScoreboard.swift, CompeteScreen.swift, CompeteSelectedFixture.swift, CountingRoundsSheet.swift, CourseCardLeaf.swift, CourseCircleSection.swift, CourseHomeScreen.swift, CourseScreen.swift, CourseSearchReveal.swift, CoursesScreen.swift, CredentialDev.swift, CrewStep.swift, CupFinalRaceView.swift, CupSeasonApp.swift, DeclareRoundSheet.swift, DeveloperHarness.swift, DoorAppleButton.swift (in target 'CupSeason' from project 'CupSeason')

SwiftDriver\ Compilation CupSeason normal arm64 com.apple.xcode.tools.swift.compiler (in target 'CupSeason' from project 'CupSeason')
    cd /tmp/cup-season-compete-identity-plan/apps/ios
    builtin-Swift-Compilation -- /Applications/Xcode.app/Contents/Developer/Toolchains/XcodeDefault.xctoolchain/usr/bin/swiftc -module-name CupSeason -Onone @/tmp/club-spread-build/Build/Intermediates.noindex/CupSeason.build/Debug-iphonesimulator/CupSeason.build/Objects-normal/arm64/CupSeason.SwiftFileList -DDEBUG -enable-experimental-feature DebugDescriptionMacro -sdk /Applications/Xcode.app/Contents/Developer/Platforms/iPhoneSimulator.platform/Developer/SDKs/iPhoneSimulator27.0.sdk -target arm64-apple-ios17.0-simulator -g -module-cache-path /tmp/club-spread-build/ModuleCache.noindex -Xfrontend -serialize-debugging-options -enable-testing -index-store-path /tmp/club-spread-build/Index.noindex/DataStore -Xcc -D_LIBCPP_HARDENING_MODE\=_LIBCPP_HARDENING_MODE_DEBUG -swift-version 6 -I /tmp/club-spread-build/Build/Products/Debug-iphonesimulator -F /tmp/club-spread-build/Build/Products/Debug-iphonesimulator/PackageFrameworks -F /tmp/club-spread-build/Build/Products/Debug-iphonesimulator -c -j10 -enable-batch-mode -incremental -Xcc -ivfsstatcache -Xcc /tmp/club-spread-build/SDKStatCaches.noindex/iphonesimulator27.0-24A430-8dc58220667be655e1bcc261a7455254.sdkstatcache -output-file-map /tmp/club-spread-build/Build/Intermediates.noindex/CupSeason.build/Debug-iphonesimulator/CupSeason.build/Objects-normal/arm64/CupSeason-OutputFileMap.json -save-temps -no-color-diagnostics -explicit-module-build -module-cache-path /tmp/club-spread-build/Build/Intermediates.noindex/SwiftExplicitPrecompiledModules -clang-scanner-module-cache-path /tmp/club-spread-build/ModuleCache.noindex -sdk-module-cache-path /tmp/club-spread-build/SDKExplicitPrecompiledModules -emit-dependencies -emit-module -emit-module-path /tmp/club-spread-build/Build/Intermediates.noindex/CupSeason.build/Debug-iphonesimulator/CupSeason.build/Objects-normal/arm64/CupSeason.swiftmodule -serialize-diagnostics -dependency-scan-serialize-diagnostics-path /tmp/club-spread-build/Build/Intermediates.noindex/CupSeason.build/Debug-iphonesimulator/CupSeason.build/Objects-normal/arm64/CupSeason-dependency-scan.dia -validate-clang-modules-once -clang-build-session-file /tmp/club-spread-build/ModuleCache.noindex/Session.modulevalidation -Xcc -fmodules-prune-interval\=86400 -Xcc -fmodules-prune-after\=345600 -emit-const-values -const-gather-protocols-list /tmp/club-spread-build/Build/Intermediates.noindex/CupSeason.build/Debug-iphonesimulator/CupSeason.build/Objects-normal/arm64/CupSeason_const_extract_protocols.json -Xcc -iquote -Xcc /tmp/club-spread-build/Build/Intermediates.noindex/CupSeason.build/Debug-iphonesimulator/CupSeason.build/CupSeason-generated-files.hmap -Xcc -I/tmp/club-spread-build/Build/Intermediates.noindex/CupSeason.build/Debug-iphonesimulator/CupSeason.build/CupSeason-own-target-headers.hmap -Xcc -I/tmp/club-spread-build/Build/Intermediates.noindex/CupSeason.build/Debug-iphonesimulator/CupSeason.build/CupSeason-all-non-framework-target-headers.hmap -Xcc -ivfsoverlay -Xcc /tmp/club-spread-build/Build/Intermediates.noindex/CupSeason.build/Debug-iphonesimulator/CupSeason-26ac0422e5a2dad00507856b52f4ad6b-VFS-iphonesimulator/all-product-headers.yaml -Xcc -iquote -Xcc /tmp/club-spread-build/Build/Intermediates.noindex/CupSeason.build/Debug-iphonesimulator/CupSeason.build/CupSeason-project-headers.hmap -Xcc -I/tmp/club-spread-build/Build/Products/Debug-iphonesimulator/include -Xcc -I/tmp/club-spread-build/Build/Intermediates.noindex/CupSeason.build/Debug-iphonesimulator/CupSeason.build/DerivedSources-normal/arm64 -Xcc -I/tmp/club-spread-build/Build/Intermediates.noindex/CupSeason.build/Debug-iphonesimulator/CupSeason.build/DerivedSources/arm64 -Xcc -I/tmp/club-spread-build/Build/Intermediates.noindex/CupSeason.build/Debug-iphonesimulator/CupSeason.build/DerivedSources -Xcc -DDEBUG\=1 -emit-objc-header -emit-objc-header-path /tmp/club-spread-build/Build/Intermediates.noindex/CupSeason.build/Debug-iphonesimulator/CupSeason.build/Objects-normal/arm64/CupSeason-Swift.h -working-directory /tmp/cup-season-compete-identity-plan/apps/ios -experimental-emit-module-separately -disable-cmo

Ld /tmp/club-spread-build/Build/Products/Debug-iphonesimulator/CupSeason.app/CupSeason.debug.dylib normal (in target 'CupSeason' from project 'CupSeason')
    cd /tmp/cup-season-compete-identity-plan/apps/ios
    /Applications/Xcode.app/Contents/Developer/Toolchains/XcodeDefault.xctoolchain/usr/bin/clang -Xlinker -reproducible -target arm64-apple-ios17.0-simulator -dynamiclib -isysroot /Applications/Xcode.app/Contents/Developer/Platforms/iPhoneSimulator.platform/Developer/SDKs/iPhoneSimulator27.0.sdk -O0 -Xlinker -no_warn_duplicate_libraries -L/tmp/club-spread-build/Build/Intermediates.noindex/EagerLinkingTBDs/Debug-iphonesimulator -L/tmp/club-spread-build/Build/Products/Debug-iphonesimulator -F/tmp/club-spread-build/Build/Intermediates.noindex/EagerLinkingTBDs/Debug-iphonesimulator -F/tmp/club-spread-build/Build/Products/Debug-iphonesimulator/PackageFrameworks -F/tmp/club-spread-build/Build/Products/Debug-iphonesimulator -filelist /tmp/club-spread-build/Build/Intermediates.noindex/CupSeason.build/Debug-iphonesimulator/CupSeason.build/Objects-normal/arm64/CupSeason.LinkFileList -install_name @rpath/CupSeason.debug.dylib -Xlinker -rpath -Xlinker /usr/lib/swift -Xlinker -rpath -Xlinker @loader_path -Xlinker -rpath -Xlinker /tmp/club-spread-build/Build/Products/Debug-iphonesimulator/PackageFrameworks -Xlinker -rpath -Xlinker @executable_path/Frameworks -Xlinker -dead_strip -Xlinker -object_path_lto -Xlinker /tmp/club-spread-build/Build/Intermediates.noindex/CupSeason.build/Debug-iphonesimulator/CupSeason.build/Objects-normal/arm64/CupSeason_lto.o -rdynamic -Xlinker -no_deduplicate -Xlinker -objc_abi_version -Xlinker 2 -Xlinker -dependency_info -Xlinker /tmp/club-spread-build/Build/Intermediates.noindex/CupSeason.build/Debug-iphonesimulator/CupSeason.build/Objects-normal/arm64/CupSeason_dependency_info.dat -fobjc-link-runtime -L/Applications/Xcode.app/Contents/Developer/Toolchains/XcodeDefault.xctoolchain/usr/lib/swift/iphonesimulator -L/usr/lib/swift -Xlinker -add_ast_path -Xlinker /tmp/club-spread-build/Build/Intermediates.noindex/CupSeason.build/Debug-iphonesimulator/CupSeason.build/Objects-normal/arm64/CupSeason.swiftmodule -Xlinker -alias -Xlinker _main -Xlinker ___debug_main_executable_dylib_entry_point -Xlinker -no_adhoc_codesign -o /tmp/club-spread-build/Build/Products/Debug-iphonesimulator/CupSeason.app/CupSeason.debug.dylib

ConstructStubExecutorLinkFileList /tmp/club-spread-build/Build/Intermediates.noindex/CupSeason.build/Debug-iphonesimulator/CupSeason.build/CupSeason-ExecutorLinkFileList-normal-arm64.txt (in target 'CupSeason' from project 'CupSeason')
    cd /tmp/cup-season-compete-identity-plan/apps/ios
    construct-stub-executor-link-file-list /tmp/club-spread-build/Build/Products/Debug-iphonesimulator/CupSeason.app/CupSeason.debug.dylib /Applications/Xcode.app/Contents/Developer/Platforms/iPhoneSimulator.platform/Developer/usr/lib/libPreviewsJITStubExecutor_no_swift_entry_point.a /Applications/Xcode.app/Contents/Developer/Platforms/iPhoneSimulator.platform/Developer/usr/lib/libPreviewsJITStubExecutor.a --output /tmp/club-spread-build/Build/Intermediates.noindex/CupSeason.build/Debug-iphonesimulator/CupSeason.build/CupSeason-ExecutorLinkFileList-normal-arm64.txt
note: Using stub executor library with Swift entry point. (in target 'CupSeason' from project 'CupSeason')

Ld /tmp/club-spread-build/Build/Products/Debug-iphonesimulator/CupSeason.app/CupSeason normal (in target 'CupSeason' from project 'CupSeason')
    cd /tmp/cup-season-compete-identity-plan/apps/ios
    /Applications/Xcode.app/Contents/Developer/Toolchains/XcodeDefault.xctoolchain/usr/bin/clang -Xlinker -reproducible -target arm64-apple-ios17.0-simulator -isysroot /Applications/Xcode.app/Contents/Developer/Platforms/iPhoneSimulator.platform/Developer/SDKs/iPhoneSimulator27.0.sdk -O0 -Xlinker -no_warn_duplicate_libraries -L/tmp/club-spread-build/Build/Products/Debug-iphonesimulator -F/tmp/club-spread-build/Build/Products/Debug-iphonesimulator/PackageFrameworks -F/tmp/club-spread-build/Build/Products/Debug-iphonesimulator -Xlinker -rpath -Xlinker @executable_path -Xlinker -rpath -Xlinker @loader_path -Xlinker -rpath -Xlinker /tmp/club-spread-build/Build/Products/Debug-iphonesimulator/PackageFrameworks -Xlinker -rpath -Xlinker @executable_path/Frameworks -rdynamic -Xlinker -no_deduplicate -Xlinker -objc_abi_version -Xlinker 2 -e ___debug_blank_executor_main -Xlinker -sectcreate -Xlinker __TEXT -Xlinker __debug_dylib -Xlinker /tmp/club-spread-build/Build/Intermediates.noindex/CupSeason.build/Debug-iphonesimulator/CupSeason.build/CupSeason-DebugDylibPath-normal-arm64.txt -Xlinker -sectcreate -Xlinker __TEXT -Xlinker __debug_instlnm -Xlinker /tmp/club-spread-build/Build/Intermediates.noindex/CupSeason.build/Debug-iphonesimulator/CupSeason.build/CupSeason-DebugDylibInstallName-normal-arm64.txt -Xlinker -filelist -Xlinker /tmp/club-spread-build/Build/Intermediates.noindex/CupSeason.build/Debug-iphonesimulator/CupSeason.build/CupSeason-ExecutorLinkFileList-normal-arm64.txt -Xlinker -sectcreate -Xlinker __TEXT -Xlinker __entitlements -Xlinker /tmp/club-spread-build/Build/Intermediates.noindex/CupSeason.build/Debug-iphonesimulator/CupSeason.build/CupSeason.app-Simulated.xcent -Xlinker -sectcreate -Xlinker __TEXT -Xlinker __ents_der -Xlinker /tmp/club-spread-build/Build/Intermediates.noindex/CupSeason.build/Debug-iphonesimulator/CupSeason.build/CupSeason.app-Simulated.xcent.der /tmp/club-spread-build/Build/Products/Debug-iphonesimulator/CupSeason.app/CupSeason.debug.dylib -Xlinker -no_adhoc_codesign -o /tmp/club-spread-build/Build/Products/Debug-iphonesimulator/CupSeason.app/CupSeason

Copy /tmp/club-spread-build/Build/Products/Debug-iphonesimulator/CupSeason.app/PlugIns/CupSeasonWidgets.appex /tmp/club-spread-build/Build/Products/Debug-iphonesimulator/CupSeasonWidgets.appex (in target 'CupSeason' from project 'CupSeason')
    cd /tmp/cup-season-compete-identity-plan/apps/ios
    builtin-copy -exclude .DS_Store -exclude CVS -exclude .svn -exclude .git -exclude .hg -exclude Headers -exclude PrivateHeaders -exclude Modules -exclude \*.tbd -resolve-src-symlinks -remove-static-executable /tmp/club-spread-build/Build/Products/Debug-iphonesimulator/CupSeasonWidgets.appex /tmp/club-spread-build/Build/Products/Debug-iphonesimulator/CupSeason.app/PlugIns

ProcessInfoPlistFile /tmp/club-spread-build/Build/Products/Debug-iphonesimulator/CupSeason.app/Info.plist /tmp/cup-season-compete-identity-plan/apps/ios/CupSeason/Info.plist (in target 'CupSeason' from project 'CupSeason')
    cd /tmp/cup-season-compete-identity-plan/apps/ios
    builtin-infoPlistUtility /tmp/cup-season-compete-identity-plan/apps/ios/CupSeason/Info.plist -producttype com.apple.product-type.application -genpkginfo /tmp/club-spread-build/Build/Products/Debug-iphonesimulator/CupSeason.app/PkgInfo -expandbuildsettings -format binary -platform iphonesimulator -additionalcontentfile /tmp/club-spread-build/Build/Intermediates.noindex/CupSeason.build/Debug-iphonesimulator/CupSeason.build/assetcatalog_generated_info.plist -scanforprivacyfile /tmp/club-spread-build/Build/Products/Debug-iphonesimulator/CupSeason.app/PlugIns/CupSeasonWidgets.appex -scanforprivacyfile /tmp/club-spread-build/Build/Products/Debug-iphonesimulator/CupSeason.app/swift-crypto_Crypto.bundle -o /tmp/club-spread-build/Build/Products/Debug-iphonesimulator/CupSeason.app/Info.plist

ExtractAppIntentsMetadata (in target 'CupSeason' from project 'CupSeason')
    cd /tmp/cup-season-compete-identity-plan/apps/ios
    /Applications/Xcode.app/Contents/Developer/Toolchains/XcodeDefault.xctoolchain/usr/bin/appintentsmetadataprocessor --toolchain-dir /Applications/Xcode.app/Contents/Developer/Toolchains/XcodeDefault.xctoolchain --module-name CupSeason --sdk-root /Applications/Xcode.app/Contents/Developer/Platforms/iPhoneSimulator.platform/Developer/SDKs/iPhoneSimulator27.0.sdk --xcode-version 27A266a --platform-family iOS --deployment-target 17.0 --bundle-identifier app.cupseason.ios --output /tmp/club-spread-build/Build/Products/Debug-iphonesimulator/CupSeason.app --target-triple arm64-apple-ios17.0-simulator --binary-file /tmp/club-spread-build/Build/Products/Debug-iphonesimulator/CupSeason.app/CupSeason --dependency-file /tmp/club-spread-build/Build/Intermediates.noindex/CupSeason.build/Debug-iphonesimulator/CupSeason.build/Objects-normal/arm64/CupSeason_dependency_info.dat --stringsdata-file /tmp/club-spread-build/Build/Intermediates.noindex/CupSeason.build/Debug-iphonesimulator/CupSeason.build/Objects-normal/arm64/ExtractedAppShortcutsMetadata.stringsdata --source-file-list /tmp/club-spread-build/Build/Intermediates.noindex/CupSeason.build/Debug-iphonesimulator/CupSeason.build/Objects-normal/arm64/CupSeason.SwiftFileList --metadata-file-list /tmp/club-spread-build/Build/Intermediates.noindex/CupSeason.build/Debug-iphonesimulator/CupSeason.build/CupSeason.DependencyMetadataFileList --static-metadata-file-list /tmp/club-spread-build/Build/Intermediates.noindex/CupSeason.build/Debug-iphonesimulator/CupSeason.build/CupSeason.DependencyStaticMetadataFileList --swift-const-vals-list /tmp/club-spread-build/Build/Intermediates.noindex/CupSeason.build/Debug-iphonesimulator/CupSeason.build/Objects-normal/arm64/CupSeason.SwiftConstValuesFileList --compile-time-extraction --deployment-aware-processing --no-app-shortcuts-localization
2026-09-30 19:10:50.218 appintentsmetadataprocessor[80737:51293195] Starting appintentsmetadataprocessor export
2026-09-30 19:10:50.286 appintentsmetadataprocessor[80737:51293195] Writing Metadata.appintents
2026-09-30 19:10:50.286 appintentsmetadataprocessor[80737:51293195] Metadata root: /tmp/club-spread-build/Build/Products/Debug-iphonesimulator/CupSeason.app/Metadata.appintents

CopySwiftLibs /tmp/club-spread-build/Build/Products/Debug-iphonesimulator/CupSeason.app (in target 'CupSeason' from project 'CupSeason')
    cd /tmp/cup-season-compete-identity-plan/apps/ios
    builtin-swiftStdLibTool --copy --verbose --sign - --scan-executable /tmp/club-spread-build/Build/Products/Debug-iphonesimulator/CupSeason.app/CupSeason.debug.dylib --scan-folder /tmp/club-spread-build/Build/Products/Debug-iphonesimulator/CupSeason.app/Frameworks --scan-folder /tmp/club-spread-build/Build/Products/Debug-iphonesimulator/CupSeason.app/PlugIns --scan-folder /tmp/club-spread-build/Build/Products/Debug-iphonesimulator/CupSeason.app/SystemExtensions --scan-folder /tmp/club-spread-build/Build/Products/Debug-iphonesimulator/CupSeason.app/Extensions --platform iphonesimulator --toolchain /Applications/Xcode.app/Contents/Developer/Toolchains/XcodeDefault.xctoolchain --destination /tmp/club-spread-build/Build/Products/Debug-iphonesimulator/CupSeason.app/Frameworks --strip-bitcode --strip-bitcode-tool /Applications/Xcode.app/Contents/Developer/Toolchains/XcodeDefault.xctoolchain/usr/bin/bitcode_strip --emit-dependency-info /tmp/club-spread-build/Build/Intermediates.noindex/CupSeason.build/Debug-iphonesimulator/CupSeason.build/SwiftStdLibToolInputDependencies.dep --filter-for-swift-os

ProcessInfoPlistFile /tmp/club-spread-build/Build/Products/Debug-iphonesimulator/CupSeason.app/PlugIns/CupSeasonTests.xctest/Info.plist /tmp/club-spread-build/Build/Intermediates.noindex/CupSeason.build/Debug-iphonesimulator/CupSeasonTests.build/empty-CupSeasonTests.plist (in target 'CupSeasonTests' from project 'CupSeason')
    cd /tmp/cup-season-compete-identity-plan/apps/ios
    builtin-infoPlistUtility /tmp/club-spread-build/Build/Intermediates.noindex/CupSeason.build/Debug-iphonesimulator/CupSeasonTests.build/empty-CupSeasonTests.plist -producttype com.apple.product-type.bundle.unit-test -expandbuildsettings -format binary -platform iphonesimulator -scanforprivacyfile /tmp/club-spread-build/Build/Products/Debug-iphonesimulator/CupSeason.app/PlugIns/CupSeasonTests.xctest/swift-crypto_Crypto.bundle -o /tmp/club-spread-build/Build/Products/Debug-iphonesimulator/CupSeason.app/PlugIns/CupSeasonTests.xctest/Info.plist

Ld /tmp/club-spread-build/Build/Products/Debug-iphonesimulator/CupSeason.app/PlugIns/CupSeasonTests.xctest/CupSeasonTests normal (in target 'CupSeasonTests' from project 'CupSeason')
    cd /tmp/cup-season-compete-identity-plan/apps/ios
    /Applications/Xcode.app/Contents/Developer/Toolchains/XcodeDefault.xctoolchain/usr/bin/clang -Xlinker -reproducible -target arm64-apple-ios17.0-simulator -bundle -isysroot /Applications/Xcode.app/Contents/Developer/Platforms/iPhoneSimulator.platform/Developer/SDKs/iPhoneSimulator27.0.sdk -O0 -Xlinker -no_warn_duplicate_libraries -L/tmp/club-spread-build/Build/Intermediates.noindex/EagerLinkingTBDs/Debug-iphonesimulator -L/tmp/club-spread-build/Build/Products/Debug-iphonesimulator -L/Applications/Xcode.app/Contents/Developer/Platforms/iPhoneSimulator.platform/Developer/usr/lib -F/tmp/club-spread-build/Build/Intermediates.noindex/EagerLinkingTBDs/Debug-iphonesimulator -F/tmp/club-spread-build/Build/Products/Debug-iphonesimulator/PackageFrameworks -F/tmp/club-spread-build/Build/Products/Debug-iphonesimulator -iframework /Applications/Xcode.app/Contents/Developer/Platforms/iPhoneSimulator.platform/Developer/Library/Frameworks -iframework /Applications/Xcode.app/Contents/Developer/Platforms/iPhoneSimulator.platform/Developer/SDKs/iPhoneSimulator27.0.sdk/Developer/Library/Frameworks -filelist /tmp/club-spread-build/Build/Intermediates.noindex/CupSeason.build/Debug-iphonesimulator/CupSeasonTests.build/Objects-normal/arm64/CupSeasonTests.LinkFileList -Xlinker -rpath -Xlinker /usr/lib/swift -Xlinker -rpath -Xlinker @loader_path -Xlinker -rpath -Xlinker /tmp/club-spread-build/Build/Products/Debug-iphonesimulator/PackageFrameworks -Xlinker -rpath -Xlinker @loader_path/Frameworks -Xlinker -rpath -Xlinker @executable_path/Frameworks -Xlinker -dead_strip -bundle_loader /tmp/club-spread-build/Build/Products/Debug-iphonesimulator/CupSeason.app/CupSeason -Xlinker -object_path_lto -Xlinker /tmp/club-spread-build/Build/Intermediates.noindex/CupSeason.build/Debug-iphonesimulator/CupSeasonTests.build/Objects-normal/arm64/CupSeasonTests_lto.o -rdynamic -Xlinker -no_deduplicate -Xlinker -objc_abi_version -Xlinker 2 -Xlinker -dependency_info -Xlinker /tmp/club-spread-build/Build/Intermediates.noindex/CupSeason.build/Debug-iphonesimulator/CupSeasonTests.build/Objects-normal/arm64/CupSeasonTests_dependency_info.dat -fobjc-link-runtime -L/Applications/Xcode.app/Contents/Developer/Toolchains/XcodeDefault.xctoolchain/usr/lib/swift/iphonesimulator -L/usr/lib/swift -Xlinker -add_ast_path -Xlinker /tmp/club-spread-build/Build/Intermediates.noindex/CupSeason.build/Debug-iphonesimulator/CupSeasonTests.build/Objects-normal/arm64/CupSeasonTests.swiftmodule -Xlinker -needed_framework -Xlinker XCTest -framework XCTest -Xlinker -needed-lXCTestSwiftSupport -lXCTestSwiftSupport /tmp/club-spread-build/Build/Products/Debug-iphonesimulator/CupSeason.app/CupSeason.debug.dylib -Xlinker -no_adhoc_codesign -o /tmp/club-spread-build/Build/Products/Debug-iphonesimulator/CupSeason.app/PlugIns/CupSeasonTests.xctest/CupSeasonTests

CopySwiftLibs /tmp/club-spread-build/Build/Products/Debug-iphonesimulator/CupSeason.app/PlugIns/CupSeasonTests.xctest (in target 'CupSeasonTests' from project 'CupSeason')
    cd /tmp/cup-season-compete-identity-plan/apps/ios
    builtin-swiftStdLibTool --copy --verbose --sign - --scan-executable /tmp/club-spread-build/Build/Products/Debug-iphonesimulator/CupSeason.app/PlugIns/CupSeasonTests.xctest/CupSeasonTests --scan-folder /tmp/club-spread-build/Build/Products/Debug-iphonesimulator/CupSeason.app/PlugIns/CupSeasonTests.xctest/Frameworks --scan-folder /tmp/club-spread-build/Build/Products/Debug-iphonesimulator/CupSeason.app/PlugIns/CupSeasonTests.xctest/PlugIns --scan-folder /tmp/club-spread-build/Build/Products/Debug-iphonesimulator/CupSeason.app/PlugIns/CupSeasonTests.xctest/SystemExtensions --scan-folder /tmp/club-spread-build/Build/Products/Debug-iphonesimulator/CupSeason.app/PlugIns/CupSeasonTests.xctest/Extensions --platform iphonesimulator --toolchain /Applications/Xcode.app/Contents/Developer/Toolchains/XcodeDefault.xctoolchain --destination /tmp/club-spread-build/Build/Products/Debug-iphonesimulator/CupSeason.app/PlugIns/CupSeasonTests.xctest/Frameworks --strip-bitcode --scan-executable /Applications/Xcode.app/Contents/Developer/Platforms/iPhoneSimulator.platform/Developer/usr/lib/libXCTestSwiftSupport.dylib --strip-bitcode-tool /Applications/Xcode.app/Contents/Developer/Toolchains/XcodeDefault.xctoolchain/usr/bin/bitcode_strip --emit-dependency-info /tmp/club-spread-build/Build/Intermediates.noindex/CupSeason.build/Debug-iphonesimulator/CupSeasonTests.build/SwiftStdLibToolInputDependencies.dep --filter-for-swift-os

ExtractAppIntentsMetadata (in target 'CupSeasonTests' from project 'CupSeason')
    cd /tmp/cup-season-compete-identity-plan/apps/ios
    /Applications/Xcode.app/Contents/Developer/Toolchains/XcodeDefault.xctoolchain/usr/bin/appintentsmetadataprocessor --toolchain-dir /Applications/Xcode.app/Contents/Developer/Toolchains/XcodeDefault.xctoolchain --module-name CupSeasonTests --sdk-root /Applications/Xcode.app/Contents/Developer/Platforms/iPhoneSimulator.platform/Developer/SDKs/iPhoneSimulator27.0.sdk --xcode-version 27A266a --platform-family iOS --deployment-target 17.0 --bundle-identifier app.cupseason.CupSeasonTests --output /tmp/club-spread-build/Build/Products/Debug-iphonesimulator/CupSeason.app/PlugIns/CupSeasonTests.xctest --target-triple arm64-apple-ios17.0-simulator --binary-file /tmp/club-spread-build/Build/Products/Debug-iphonesimulator/CupSeason.app/PlugIns/CupSeasonTests.xctest/CupSeasonTests --dependency-file /tmp/club-spread-build/Build/Intermediates.noindex/CupSeason.build/Debug-iphonesimulator/CupSeasonTests.build/Objects-normal/arm64/CupSeasonTests_dependency_info.dat --stringsdata-file /tmp/club-spread-build/Build/Intermediates.noindex/CupSeason.build/Debug-iphonesimulator/CupSeasonTests.build/Objects-normal/arm64/ExtractedAppShortcutsMetadata.stringsdata --source-file-list /tmp/club-spread-build/Build/Intermediates.noindex/CupSeason.build/Debug-iphonesimulator/CupSeasonTests.build/Objects-normal/arm64/CupSeasonTests.SwiftFileList --metadata-file-list /tmp/club-spread-build/Build/Intermediates.noindex/CupSeason.build/Debug-iphonesimulator/CupSeasonTests.build/CupSeasonTests.DependencyMetadataFileList --static-metadata-file-list /tmp/club-spread-build/Build/Intermediates.noindex/CupSeason.build/Debug-iphonesimulator/CupSeasonTests.build/CupSeasonTests.DependencyStaticMetadataFileList --swift-const-vals-list /tmp/club-spread-build/Build/Intermediates.noindex/CupSeason.build/Debug-iphonesimulator/CupSeasonTests.build/Objects-normal/arm64/CupSeasonTests.SwiftConstValuesFileList --compile-time-extraction --deployment-aware-processing --no-app-shortcuts-localization
2026-09-30 19:10:50.563 appintentsmetadataprocessor[80743:51293261] Starting appintentsmetadataprocessor export
2026-09-30 19:10:50.608 appintentsmetadataprocessor[80743:51293261] Extracted no relevant App Intents symbols, skipping writing output

CodeSign /tmp/club-spread-build/Build/Products/Debug-iphonesimulator/CupSeason.app/PlugIns/CupSeasonTests.xctest (in target 'CupSeasonTests' from project 'CupSeason')
    cd /tmp/cup-season-compete-identity-plan/apps/ios
    
    Signing Identity:     "Sign to Run Locally"
    
    /usr/bin/codesign --force --sign - --timestamp\=none --generate-entitlement-der /tmp/club-spread-build/Build/Products/Debug-iphonesimulator/CupSeason.app/PlugIns/CupSeasonTests.xctest

CodeSign /tmp/club-spread-build/Build/Products/Debug-iphonesimulator/CupSeason.app/CupSeason.debug.dylib (in target 'CupSeason' from project 'CupSeason')
    cd /tmp/cup-season-compete-identity-plan/apps/ios
    
    Signing Identity:     "Sign to Run Locally"
    
    /usr/bin/codesign --force --sign - --timestamp\=none --generate-entitlement-der /tmp/club-spread-build/Build/Products/Debug-iphonesimulator/CupSeason.app/CupSeason.debug.dylib

CodeSign /tmp/club-spread-build/Build/Products/Debug-iphonesimulator/CupSeason.app/__preview.dylib (in target 'CupSeason' from project 'CupSeason')
    cd /tmp/cup-season-compete-identity-plan/apps/ios
    
    Signing Identity:     "Sign to Run Locally"
    
    /usr/bin/codesign --force --sign - --timestamp\=none --generate-entitlement-der /tmp/club-spread-build/Build/Products/Debug-iphonesimulator/CupSeason.app/__preview.dylib
/tmp/club-spread-build/Build/Products/Debug-iphonesimulator/CupSeason.app/__preview.dylib: replacing existing signature

CodeSign /tmp/club-spread-build/Build/Products/Debug-iphonesimulator/CupSeason.app (in target 'CupSeason' from project 'CupSeason')
    cd /tmp/cup-season-compete-identity-plan/apps/ios
    
    Signing Identity:     "Sign to Run Locally"
    
    /usr/bin/codesign --force --sign - --entitlements /tmp/club-spread-build/Build/Intermediates.noindex/CupSeason.build/Debug-iphonesimulator/CupSeason.build/CupSeason.app.xcent --timestamp\=none --generate-entitlement-der /tmp/club-spread-build/Build/Products/Debug-iphonesimulator/CupSeason.app

Validate /tmp/club-spread-build/Build/Products/Debug-iphonesimulator/CupSeason.app (in target 'CupSeason' from project 'CupSeason')
    cd /tmp/cup-season-compete-identity-plan/apps/ios
    builtin-validationUtility /tmp/club-spread-build/Build/Products/Debug-iphonesimulator/CupSeason.app -shallow-bundle -infoplist-subpath Info.plist

ValidateEmbeddedBinary /tmp/club-spread-build/Build/Products/Debug-iphonesimulator/CupSeason.app/PlugIns/CupSeasonWidgets.appex (in target 'CupSeason' from project 'CupSeason')
    cd /tmp/cup-season-compete-identity-plan/apps/ios
    /Applications/Xcode.app/Contents/Developer/usr/bin/embeddedBinaryValidationUtility /tmp/club-spread-build/Build/Products/Debug-iphonesimulator/CupSeason.app/PlugIns/CupSeasonWidgets.appex -signing-cert - -info-plist-path /tmp/club-spread-build/Build/Products/Debug-iphonesimulator/CupSeason.app/Info.plist

ProcessInfoPlistFile /tmp/club-spread-build/Build/Products/Debug-iphonesimulator/CupSeasonUITests-Runner.app/PlugIns/CupSeasonUITests.xctest/Info.plist /tmp/club-spread-build/Build/Intermediates.noindex/CupSeason.build/Debug-iphonesimulator/CupSeasonUITests.build/empty-CupSeasonUITests.plist (in target 'CupSeasonUITests' from project 'CupSeason')
    cd /tmp/cup-season-compete-identity-plan/apps/ios
    builtin-infoPlistUtility /tmp/club-spread-build/Build/Intermediates.noindex/CupSeason.build/Debug-iphonesimulator/CupSeasonUITests.build/empty-CupSeasonUITests.plist -producttype com.apple.product-type.bundle.ui-testing -expandbuildsettings -format binary -platform iphonesimulator -additionalcontentfile /tmp/club-spread-build/Build/Intermediates.noindex/CupSeason.build/Debug-iphonesimulator/CupSeasonUITests.build/ProductTypeInfoPlistAdditions.plist -o /tmp/club-spread-build/Build/Products/Debug-iphonesimulator/CupSeasonUITests-Runner.app/PlugIns/CupSeasonUITests.xctest/Info.plist

CopySwiftLibs /tmp/club-spread-build/Build/Products/Debug-iphonesimulator/CupSeasonUITests-Runner.app/PlugIns/CupSeasonUITests.xctest (in target 'CupSeasonUITests' from project 'CupSeason')
    cd /tmp/cup-season-compete-identity-plan/apps/ios
    builtin-swiftStdLibTool --copy --verbose --sign - --scan-executable /tmp/club-spread-build/Build/Products/Debug-iphonesimulator/CupSeasonUITests-Runner.app/PlugIns/CupSeasonUITests.xctest/CupSeasonUITests --scan-folder /tmp/club-spread-build/Build/Products/Debug-iphonesimulator/CupSeasonUITests-Runner.app/PlugIns/CupSeasonUITests.xctest/Frameworks --scan-folder /tmp/club-spread-build/Build/Products/Debug-iphonesimulator/CupSeasonUITests-Runner.app/PlugIns/CupSeasonUITests.xctest/PlugIns --scan-folder /tmp/club-spread-build/Build/Products/Debug-iphonesimulator/CupSeasonUITests-Runner.app/PlugIns/CupSeasonUITests.xctest/SystemExtensions --scan-folder /tmp/club-spread-build/Build/Products/Debug-iphonesimulator/CupSeasonUITests-Runner.app/PlugIns/CupSeasonUITests.xctest/Extensions --platform iphonesimulator --toolchain /Applications/Xcode.app/Contents/Developer/Toolchains/XcodeDefault.xctoolchain --destination /tmp/club-spread-build/Build/Products/Debug-iphonesimulator/CupSeasonUITests-Runner.app/PlugIns/CupSeasonUITests.xctest/Frameworks --strip-bitcode --scan-executable /Applications/Xcode.app/Contents/Developer/Platforms/iPhoneSimulator.platform/Developer/usr/lib/libXCTestSwiftSupport.dylib --strip-bitcode-tool /Applications/Xcode.app/Contents/Developer/Toolchains/XcodeDefault.xctoolchain/usr/bin/bitcode_strip --emit-dependency-info /tmp/club-spread-build/Build/Intermediates.noindex/CupSeason.build/Debug-iphonesimulator/CupSeasonUITests.build/SwiftStdLibToolInputDependencies.dep --filter-for-swift-os

PruneExplicitPrecompiledModules /tmp/club-spread-build/Build/Intermediates.noindex/SwiftExplicitPrecompiledModules

PruneExplicitPrecompiledModules /tmp/club-spread-build/SDKExplicitPrecompiledModules

PruneExplicitPrecompiledModules /tmp/club-spread-build/Build/Intermediates.noindex/ExplicitPrecompiledModules

** TEST BUILD SUCCEEDED **

